"Date","Price","Open","High","Low","Vol.","Change %"
"10/05/2022","91.23","88.26","90.52","83.20","25.91K","-5.11%"
"10/04/2022","96.14","84.37","88.20","84.31","20.44K","14.18%"
"10/03/2022","84.20","85.39","86.18","82.70","20.23K","-1.34%"
"09/30/2022","85.34","85.46","85.95","83.60","19.86K","0.21%"
"09/29/2022","85.16","88.50","88.93","85.00","20.65K","-3.76%"
"09/28/2022","88.49","88.71","89.34","85.70","20.18K","0.45%"
"09/27/2022","88.09","88.75","91.85","87.55","19.31K","-0.32%"
"09/26/2022","88.37","92.50","93.74","88.24","24.26K","-4.51%"
"09/23/2022","92.54","96.30","96.50","92.54","10.11K","-4.14%"
"09/22/2022","96.54","96.44","97.77","95.03","12.77K","-0.39%"
"09/21/2022","96.92","93.24","97.33","92.38","22.19K","3.85%"
"09/20/2022","93.33","96.05","96.54","93.12","19.94K","-2.82%"
"09/19/2022","96.04","99.10","99.74","94.35","25.70K","-3.27%"
"09/16/2022","99.29","103.07","103.29","99.29","11.89K","-3.87%"
"09/15/2022","103.29","103.00","104.17","101.98","11.19K","0.56%"
"09/14/2022","102.71","102.73","103.25","101.61","11.09K","0.38%"
"09/13/2022","102.32","105.73","105.95","101.85","15.47K","-3.21%"
"09/12/2022","105.71","105.00","108.10","102.02","15.39K","0.83%"
"09/09/2022","104.84","104.00","105.83","103.96","12.06K","0.89%"
"09/08/2022","103.91","101.91","105.17","101.53","","2.25%"
"09/07/2022","101.62","103.40","105.39","101.19","18.29K","-1.86%"
"09/06/2022","103.55","103.30","106.00","102.83","17.85K","0.33%"
"09/02/2022","103.21","108.10","108.70","103.21","21.81K","-4.62%"
"09/01/2022","108.21","113.00","113.20","108.21","17.05K","-4.42%"
"08/31/2022","113.21","112.42","114.15","112.05","12.38K","0.79%"
"08/30/2022","112.32","116.95","117.01","112.20","18.23K","-4.13%"
"08/29/2022","117.16","117.68","118.53","115.24","11.52K","-0.44%"
"08/26/2022","117.68","114.43","118.40","114.20","12.68K","3.13%"
"08/25/2022","114.11","114.00","117.36","113.31","12.92K","0.04%"
"08/24/2022","114.07","112.57","114.75","111.21","12.03K","1.64%"
"08/23/2022","112.23","114.02","114.02","111.26","13.07K","-1.67%"
"08/22/2022","114.14","115.50","117.45","113.08","12.88K","-1.61%"
"08/19/2022","116.01","112.73","116.63","111.01","16.33K","2.94%"
"08/18/2022","112.70","113.90","114.90","111.71","14.14K","-0.74%"
"08/17/2022","113.54","116.00","118.67","111.85","28.90K","-2.83%"
"08/16/2022","116.85","117.03","119.59","114.60","48.28K","2.87%"
"08/15/2022","113.59","111.53","113.59","111.53","11.80K","4.60%"
"08/12/2022","108.59","104.57","108.59","102.73","16.93K","3.82%"
"08/11/2022","104.59","100.40","104.94","100.37","20.40K","3.62%"
"08/10/2022","100.94","99.00","102.68","97.70","18.98K","1.89%"
"08/09/2022","99.07","96.00","99.34","95.80","15.67K","3.64%"
"08/08/2022","95.59","96.04","97.40","95.14","7.74K","-0.56%"
"08/05/2022","96.13","94.22","97.52","94.22","9.54K","1.60%"
"08/04/2022","94.62","94.33","95.10","93.00","9.09K","0.20%"
"08/03/2022","94.43","94.00","95.58","93.70","9.74K","-0.40%"
"08/02/2022","94.81","94.00","95.87","91.60","13.47K","0.80%"
"08/01/2022","94.06","96.58","96.76","92.80","15.71K","-2.77%"
"07/29/2022","96.74","96.55","97.65","95.40","11.47K","0.55%"
"07/28/2022","96.21","95.25","97.40","95.25","8.59K","1.20%"
"07/27/2022","95.07","94.48","96.90","93.53","10.54K","0.62%"
"07/26/2022","94.48","91.45","94.90","90.30","13.51K","3.76%"
"07/25/2022","91.06","90.91","92.15","89.50","8.31K","0.19%"
"07/22/2022","90.89","91.70","92.80","90.15","8.92K","-0.78%"
"07/21/2022","91.60","92.74","93.80","90.10","9.30K","-1.30%"
"07/20/2022","92.81","92.75","94.85","91.16","10.11K","0.47%"
"07/19/2022","92.38","92.80","93.38","89.01","13.11K","-0.67%"
"07/18/2022","93.00","89.01","93.50","88.80","21.83K","4.84%"
"07/15/2022","88.71","83.50","88.71","82.54","15.23K","5.97%"
"07/14/2022","83.71","88.06","88.22","83.71","23.70K","-4.56%"
"07/13/2022","87.71","90.18","90.67","86.20","21.97K","-3.45%"
"07/12/2022","90.84","94.84","94.90","90.84","14.89K","-4.22%"
"07/11/2022","94.84","95.88","96.69","92.70","11.28K","3.30%"
"07/08/2022","91.81","88.50","92.00","85.37","13.74K","-0.08%"
"07/07/2022","91.88","88.61","92.40","88.10","18.43K","3.69%"
"07/06/2022","88.61","93.45","94.13","88.50","31.59K","-5.21%"
"07/05/2022","93.48","97.40","97.47","93.48","19.60K","-4.10%"
"07/01/2022","97.48","98.84","99.00","94.90","18.25K","-1.38%"
"06/30/2022","98.84","98.01","99.49","95.56","19.83K","1.40%"
"06/29/2022","97.48","93.79","97.48","93.23","16.33K","4.28%"
"06/28/2022","93.48","92.10","99.05","91.20","34.63K","-0.61%"
"06/27/2022","94.05","97.50","98.05","94.05","20.71K","-4.08%"
"06/24/2022","98.05","101.55","102.80","97.33","29.68K","-3.88%"
"06/23/2022","102.01","108.05","108.41","101.51","32.58K","-5.61%"
"06/22/2022","108.07","114.00","114.09","107.85","32.86K","-5.08%"
"06/21/2022","113.85","117.50","117.93","113.27","24.54K","-3.75%"
"06/17/2022","118.29","119.07","119.80","117.81","12.01K","-17.68%"
"06/16/2022","143.70","143.42","147.50","143.42","","0.57%"
"06/15/2022","142.88","143.53","145.44","142.53","","-0.45%"
"06/14/2022","143.53","145.71","145.74","143.41","","-1.69%"
"06/13/2022","146.00","145.32","146.09","143.88","","0.28%"
"06/10/2022","145.59","146.71","147.50","144.53","","-0.70%"
"06/09/2022","146.62","140.42","146.62","139.61","","4.49%"
"06/08/2022","140.32","137.40","141.81","137.09","","2.28%"
"06/07/2022","137.19","137.58","138.43","136.09","","-0.44%"
"06/06/2022","137.79","139.39","141.56","136.99","","-0.78%"
"06/03/2022","138.88","139.14","140.68","136.06","","-0.17%"
"06/02/2022","139.12","136.10","140.60","134.16","","2.17%"
"06/01/2022","136.16","139.25","139.56","135.61","","-2.02%"
"05/31/2022","138.97","139.44","141.87","138.67","","-0.17%"
"05/27/2022","139.20","140.53","141.97","139.06","","-0.94%"
"05/26/2022","140.52","144.67","145.33","140.38","","-2.94%"
"05/25/2022","144.77","141.53","147.12","140.76","","2.21%"
"05/24/2022","141.64","142.73","142.76","140.70","","-0.69%"
"05/23/2022","142.62","142.85","144.92","140.84","","-0.13%"
"05/20/2022","142.81","147.31","147.96","141.87","","-3.06%"
"05/19/2022","147.32","144.12","148.82","141.13","","1.75%"
"05/18/2022","144.78","148.60","149.15","143.18","","-2.64%"
"05/17/2022","148.70","150.45","151.93","148.28","","-1.34%"
"05/16/2022","150.72","145.84","150.97","145.75","","3.59%"
"05/13/2022","145.50","145.59","146.58","143.56","","0.14%"
"05/12/2022","145.29","143.51","147.94","143.10","","1.19%"
"05/11/2022","143.58","143.00","144.91","142.38","","0.19%"
"05/10/2022","143.31","142.69","145.21","142.14","","0.39%"
"05/09/2022","142.75","143.34","148.18","142.62","","-0.49%"
"05/06/2022","143.46","148.11","148.67","143.39","","-3.56%"
"05/05/2022","148.76","154.28","155.15","148.76","","-3.86%"
"05/04/2022","154.74","150.07","155.93","149.14","","3.16%"
"05/03/2022","150.00","151.38","152.90","148.31","","-0.45%"
"05/02/2022","150.68","146.94","151.27","145.09","","2.99%"
"04/29/2022","146.31","149.02","151.09","144.52","","-0.93%"
"04/28/2022","147.68","142.47","147.68","140.79","","4.98%"
"04/27/2022","140.68","136.47","140.68","135.84","","3.34%"
"04/26/2022","136.13","135.20","136.99","134.77","","0.49%"
"04/25/2022","135.47","136.01","136.08","132.34","","-0.62%"
"04/22/2022","136.32","137.98","138.00","135.01","","-1.09%"
"04/21/2022","137.82","138.66","139.12","136.91","","-0.61%"
"04/20/2022","138.67","138.59","141.10","138.03","","0.15%"
"04/19/2022","138.46","143.52","143.85","137.63","","-3.35%"
"04/18/2022","143.26","141.47","144.02","141.38","","0.77%"
"04/14/2022","142.17","143.13","146.12","140.75","","-0.55%"
"04/13/2022","142.95","138.56","143.37","137.53","","3.10%"
"04/12/2022","138.65","135.35","139.14","135.19","","2.42%"
"04/11/2022","135.37","132.62","136.28","131.61","","2.23%"
"04/08/2022","132.42","133.30","134.58","132.29","","-0.69%"
"04/07/2022","133.34","135.75","136.44","132.90","","-1.76%"
"04/06/2022","135.73","137.63","138.41","135.15","","-1.44%"
"04/05/2022","137.71","138.10","140.43","136.88","","-0.03%"
"04/04/2022","137.75","134.79","138.59","134.79","","2.18%"
"04/01/2022","134.81","136.01","137.47","134.13","","-0.51%"
"03/31/2022","135.50","139.72","140.68","135.41","","-3.05%"
"03/30/2022","139.76","137.27","140.19","136.44","","1.93%"
"03/29/2022","137.12","139.82","141.61","136.70","","-2.17%"
"03/28/2022","140.16","135.76","141.77","134.30","","3.18%"
"03/25/2022","135.84","131.13","135.90","130.95","","3.60%"
"03/24/2022","131.12","130.04","131.60","129.37","","0.88%"
"03/23/2022","129.97","130.24","132.94","129.89","","-0.17%"
"03/22/2022","130.19","130.17","130.44","128.17","","-0.15%"
"03/21/2022","130.39","128.69","131.71","127.16","","2.78%"
"03/18/2022","126.86","121.98","126.86","121.85","","3.93%"
"03/17/2022","122.06","119.93","122.64","119.72","","1.86%"
"03/16/2022","119.83","118.22","121.48","118.22","","1.06%"
"03/15/2022","118.57","118.72","119.75","117.08","","-0.29%"
"03/14/2022","118.91","121.14","121.14","117.66","","-1.90%"
"03/11/2022","121.21","117.15","121.69","116.88","","3.55%"
"03/10/2022","117.05","117.42","118.44","116.68","","-0.44%"
"03/09/2022","117.57","118.78","119.14","117.16","","-0.27%"
"03/08/2022","117.89","117.31","118.08","116.24","","0.79%"
"03/07/2022","116.97","117.74","118.37","115.38","","0.67%"
"03/04/2022","116.19","119.47","120.13","116.16","","-2.74%"
"03/03/2022","119.46","118.73","120.83","118.66","","1.05%"
"03/02/2022","118.22","122.69","123.10","118.17","","-3.56%"
"03/01/2022","122.58","118.86","123.29","118.06","","3.22%"
"02/28/2022","118.76","117.99","119.92","116.73","","0.12%"
"02/25/2022","118.62","119.57","120.38","115.88","","-0.59%"
"02/24/2022","119.33","121.42","125.12","118.88","","-1.56%"
"02/23/2022","121.22","120.42","121.39","120.13","","0.70%"
"02/22/2022","120.38","120.69","121.18","119.66","","-0.57%"
"02/18/2022","121.07","119.56","121.45","119.56","","1.27%"
"02/17/2022","119.55","119.62","120.35","119.04","","-0.13%"
"02/16/2022","119.70","120.62","120.82","118.80","","-0.72%"
"02/15/2022","120.57","120.74","121.22","120.25","","-0.06%"
"02/14/2022","120.64","122.95","123.14","119.28","","-3.54%"
"02/11/2022","125.07","125.57","126.39","124.92","","-0.44%"
"02/10/2022","125.62","126.41","127.22","125.53","","-0.71%"
"02/09/2022","126.52","126.95","127.35","125.87","","-0.46%"
"02/08/2022","127.10","125.61","127.31","125.06","","1.13%"
"02/07/2022","125.68","126.66","126.91","125.36","","-0.63%"
"02/04/2022","126.48","127.71","128.80","125.73","","-0.82%"
"02/03/2022","127.53","126.05","127.68","125.27","","1.25%"
"02/02/2022","125.96","127.47","128.43","125.91","","-1.15%"
"02/01/2022","127.42","127.33","129.36","124.62","","-0.06%"
"01/31/2022","127.50","123.75","127.70","123.34","","3.13%"
"01/28/2022","123.63","121.55","125.59","120.02","","1.74%"
"01/27/2022","121.52","121.78","122.14","120.86","","-0.58%"
"01/26/2022","122.23","120.84","122.67","120.78","","0.97%"
"01/25/2022","121.06","120.31","121.45","120.06","","0.56%"
"01/24/2022","120.38","121.13","122.49","119.22","","-0.56%"
"01/21/2022","121.06","121.77","122.85","120.67","","-1.42%"
"01/20/2022","122.81","123.81","124.76","122.12","","-1.03%"
"01/19/2022","124.09","121.15","124.75","120.99","","2.32%"
"01/18/2022","121.28","119.90","121.36","119.14","","1.22%"
"01/14/2022","119.82","116.88","119.86","116.32","","2.50%"
"01/13/2022","116.90","117.47","118.44","116.45","","-0.58%"
"01/12/2022","117.58","115.90","118.97","115.90","","1.36%"
"01/11/2022","116.00","115.09","116.56","115.03","","0.58%"
"01/10/2022","115.33","115.42","116.36","114.83","","0.10%"
"01/07/2022","115.22","114.89","116.84","114.89","","0.37%"
"01/06/2022","114.80","115.58","116.09","114.61","","-1.19%"
"01/05/2022","116.18","116.23","117.63","115.55","","-0.07%"
"01/04/2022","116.26","113.52","117.67","113.42","","2.69%"
"01/03/2022","113.22","112.96","114.61","112.94","","-0.36%"
"01/02/2022","113.63","113.63","113.63","113.63","","0.00%"
"12/31/2021","113.63","113.91","114.46","112.36","","-0.63%"
"12/30/2021","114.35","112.74","115.34","112.01","","1.20%"
"12/29/2021","112.99","110.10","113.97","110.10","","2.52%"
"12/28/2021","110.21","112.03","112.63","109.78","","-1.95%"
"12/27/2021","112.40","108.88","112.69","108.53","","3.01%"
"12/23/2021","109.12","108.66","109.44","108.28","","0.36%"
"12/22/2021","108.73","107.10","109.34","106.81","","1.29%"
"12/21/2021","107.35","106.14","108.34","105.80","","1.88%"
"12/20/2021","105.37","106.91","107.23","104.28","","-1.95%"
"12/17/2021","107.47","108.86","109.03","106.95","","-2.04%"
"12/16/2021","109.71","106.06","109.79","106.06","","3.70%"
"12/15/2021","105.80","105.73","106.66","105.48","","-0.20%"
"12/14/2021","106.01","106.56","107.03","105.66","","-0.66%"
"12/13/2021","106.71","106.13","107.82","106.13","","0.44%"
"12/10/2021","106.24","106.30","107.08","105.79","","-0.38%"
"12/09/2021","106.65","106.40","107.00","105.03","","-0.07%"
"12/08/2021","106.72","106.26","106.83","105.22","","0.30%"
"12/07/2021","106.40","106.87","107.29","106.16","","-0.57%"
"12/06/2021","107.01","104.22","107.35","104.22","","2.80%"
"12/03/2021","104.10","103.80","105.65","103.65","","0.29%"
"12/02/2021","103.80","103.77","105.27","102.53","","-0.18%"
"12/01/2021","103.99","105.79","108.42","103.92","","-2.27%"
"11/30/2021","106.41","110.60","110.62","106.41","","-4.46%"
"11/29/2021","111.38","113.22","113.53","111.12","","-0.13%"
"11/26/2021","111.52","114.19","114.25","110.82","","-3.78%"
"11/24/2021","115.90","115.75","116.22","115.14","","0.23%"
"11/23/2021","115.63","115.44","115.94","114.61","","0.08%"
"11/22/2021","115.54","116.36","116.49","114.87","","-3.06%"
"11/19/2021","119.19","117.78","120.25","117.16","","1.24%"
"11/18/2021","117.73","119.72","120.48","117.11","","-2.02%"
"11/17/2021","120.16","117.82","121.63","117.61","","2.04%"
"11/16/2021","117.76","117.78","118.34","117.11","","0.08%"
"11/15/2021","117.67","117.73","118.18","116.51","","0.06%"
"11/12/2021","117.60","118.62","118.91","116.67","","-0.84%"
"11/11/2021","118.60","118.89","119.19","117.58","","-0.13%"
"11/10/2021","118.76","118.95","120.73","118.61","","-0.21%"
"11/09/2021","119.01","116.80","120.43","116.27","","1.98%"
"11/08/2021","116.70","117.44","118.34","116.33","","-0.30%"
"11/05/2021","117.05","116.74","117.56","115.78","","0.41%"
"11/04/2021","116.57","118.38","118.61","116.20","","-1.79%"
"11/03/2021","118.70","117.44","119.45","115.78","","1.04%"
"11/02/2021","117.48","120.40","121.55","116.70","","-1.96%"
"11/01/2021","119.83","115.94","119.85","115.23","","4.17%"
"10/29/2021","115.03","113.83","115.10","112.18","","1.23%"
"10/28/2021","113.63","110.31","114.16","109.55","","2.75%"
"10/27/2021","110.59","108.79","110.94","107.69","","1.70%"
"10/26/2021","108.74","108.60","109.54","108.37","","0.27%"
"10/25/2021","108.45","107.81","110.13","107.71","","0.18%"
"10/22/2021","108.26","106.41","109.03","106.41","","1.80%"
"10/21/2021","106.35","110.53","111.32","105.90","","-3.48%"
"10/20/2021","110.19","107.20","110.97","106.53","","2.35%"
"10/19/2021","107.66","107.14","108.34","105.28","","0.55%"
"10/18/2021","107.07","107.22","109.56","105.44","","0.02%"
"10/15/2021","107.05","107.38","111.10","106.47","","-0.18%"
"10/14/2021","107.24","103.92","107.86","103.92","","3.17%"
"10/13/2021","103.94","106.30","106.35","103.53","","-2.28%"
"10/12/2021","106.37","109.32","112.85","106.09","","-3.12%"
"10/11/2021","109.80","109.75","110.85","107.53","","-0.60%"
"10/08/2021","110.46","111.65","116.42","110.35","","-1.13%"
"10/07/2021","111.72","111.22","113.76","108.65","","0.38%"
"10/06/2021","111.30","110.44","113.93","109.23","","2.19%"
"10/05/2021","108.92","105.12","108.93","105.09","","3.77%"
"10/04/2021","104.96","104.53","106.83","103.65","","0.46%"
"10/01/2021","104.48","105.80","107.28","104.35","","-1.05%"
"09/30/2021","105.59","102.06","105.92","102.00","","3.59%"
"09/29/2021","101.93","99.81","104.03","99.59","","2.07%"
"09/28/2021","99.86","97.95","101.50","97.66","","1.84%"
"09/27/2021","98.06","96.03","99.85","96.03","","2.09%"
"09/24/2021","96.05","92.61","96.15","92.12","","3.84%"
"09/23/2021","92.50","90.81","92.69","90.41","","1.61%"
"09/22/2021","91.03","90.10","91.12","89.94","","0.92%"
"09/21/2021","90.20","89.10","90.72","89.05","","1.33%"
"09/20/2021","89.02","92.28","92.42","89.00","","-3.69%"
"09/17/2021","92.43","92.52","92.86","92.14","","-0.21%"
"09/16/2021","92.62","93.42","93.96","92.37","","-0.79%"
"09/15/2021","93.36","93.62","93.78","93.02","","-0.34%"
"09/14/2021","93.68","92.98","93.84","92.66","","0.92%"
"09/13/2021","92.83","93.22","93.32","92.52","","-0.51%"
"09/10/2021","93.31","93.16","94.09","92.07","","0.19%"
"09/09/2021","93.13","94.07","94.63","93.12","","-1.13%"
"09/08/2021","94.19","94.10","95.17","93.72","","0.06%"
"09/07/2021","94.13","93.87","94.27","93.54","","0.06%"
"09/03/2021","94.07","93.22","94.59","93.04","","0.85%"
"09/02/2021","93.28","92.27","93.75","92.22","","1.05%"
"09/01/2021","92.31","92.52","93.38","92.11","","-0.23%"
"08/31/2021","92.52","94.06","94.39","92.37","","-1.74%"
"08/30/2021","94.16","94.70","94.92","93.44","","-0.68%"
"08/27/2021","94.80","93.95","94.98","93.58","","0.74%"
"08/26/2021","94.10","94.35","94.53","93.38","","-0.40%"
"08/25/2021","94.48","94.24","94.93","93.24","","0.27%"
"08/24/2021","94.23","93.48","94.35","91.96","","0.82%"
"08/23/2021","93.46","92.94","93.95","92.94","","0.41%"
"08/20/2021","93.08","92.69","93.58","91.81","","0.38%"
"08/19/2021","92.73","94.40","94.74","92.56","","-2.15%"
"08/18/2021","94.77","95.10","95.54","93.53","","-0.12%"
"08/17/2021","94.88","94.27","96.70","94.27","","0.53%"
"08/16/2021","94.38","94.20","94.55","93.73","","-0.13%"
"08/13/2021","94.50","93.40","94.69","92.66","","1.39%"
"08/12/2021","93.20","91.13","93.84","91.06","","2.14%"
"08/11/2021","91.25","92.11","92.49","91.08","","-1.16%"
"08/10/2021","92.32","90.90","92.43","90.72","","1.51%"
"08/09/2021","90.95","91.71","91.72","90.33","","-0.82%"
"08/06/2021","91.70","90.44","91.92","90.42","","1.24%"
"08/05/2021","90.58","90.18","90.89","90.02","","0.35%"
"08/04/2021","90.26","89.78","90.58","89.78","","0.41%"
"08/03/2021","89.89","89.60","90.10","89.04","","0.22%"
"08/02/2021","89.69","89.81","90.20","89.09","","0.11%"
"07/30/2021","89.59","90.26","90.26","88.90","","-0.80%"
"07/29/2021","90.31","90.39","90.90","90.03","","-0.20%"
"07/28/2021","90.49","90.44","90.99","89.93","","0.02%"
"07/27/2021","90.47","89.52","90.49","89.22","","0.95%"
"07/26/2021","89.62","89.71","89.87","87.97","","-0.08%"
"07/23/2021","89.69","89.93","90.30","88.92","","-0.17%"
"07/22/2021","89.84","88.74","90.57","88.63","","1.34%"
"07/21/2021","88.65","88.48","88.84","87.87","","0.12%"
"07/20/2021","88.54","86.64","89.32","86.63","","1.97%"
"07/19/2021","86.83","89.86","89.86","86.37","","-3.47%"
"07/16/2021","89.95","89.18","89.96","88.83","","0.84%"
"07/15/2021","89.20","89.73","89.95","88.95","","-0.72%"
"07/14/2021","89.85","88.52","89.91","88.35","","1.58%"
"07/13/2021","88.45","88.12","88.50","87.62","","0.35%"
"07/12/2021","88.14","87.62","88.28","87.18","","0.63%"
"07/09/2021","87.59","86.78","87.88","86.57","","0.78%"
"07/08/2021","86.91","87.62","87.68","86.31","","-1.08%"
"07/07/2021","87.86","87.28","87.94","86.61","","0.64%"
"07/06/2021","87.30","87.79","88.88","86.09","","0.33%"
"07/02/2021","87.01","86.12","87.15","85.89","","1.26%"
"07/01/2021","85.93","85.19","86.81","84.93","","1.03%"
"06/30/2021","85.05","87.61","87.61","84.73","","-2.77%"
"06/29/2021","87.47","88.25","88.34","87.06","","0.03%"
"06/28/2021","87.44","88.08","88.69","86.81","","0.18%"
"06/25/2021","87.28","86.89","87.54","86.69","","0.65%"
"06/24/2021","86.72","86.89","87.00","85.92","","-0.30%"
"06/23/2021","86.98","85.83","87.00","85.63","","1.41%"
"06/22/2021","85.77","85.07","86.14","84.75","","0.80%"
"06/21/2021","85.09","84.98","85.36","84.11","","0.85%"
"06/18/2021","84.37","84.17","85.23","84.09","","0.74%"
"06/17/2021","83.75","85.06","85.45","83.64","","-1.71%"
"06/16/2021","85.21","85.49","85.94","84.56","","-0.16%"
"06/15/2021","85.35","84.86","85.62","84.18","","0.38%"
"06/14/2021","85.03","86.77","86.77","83.16","","-2.26%"
"06/11/2021","87.00","87.33","87.72","86.61","","-0.31%"
"06/10/2021","87.27","86.63","87.42","85.83","","0.63%"
"06/09/2021","86.72","85.25","86.75","85.25","","1.71%"
"06/08/2021","85.26","84.38","85.88","84.25","","1.11%"
"06/07/2021","84.32","86.06","86.50","84.13","","-1.75%"
"06/04/2021","85.82","84.18","86.33","83.61","","1.89%"
"06/03/2021","84.23","83.92","84.64","83.56","","0.54%"
"06/02/2021","83.78","84.09","84.56","83.32","","-0.36%"
"06/01/2021","84.08","82.46","84.84","82.31","","2.42%"
"05/28/2021","82.09","82.58","82.88","81.94","","-0.63%"
"05/27/2021","82.61","82.37","82.77","81.66","","0.35%"
"05/26/2021","82.32","82.68","83.10","81.86","","-0.46%"
"05/25/2021","82.70","82.69","83.52","82.41","","-0.13%"
"05/24/2021","82.81","82.52","82.91","82.14","","0.13%"
"05/21/2021","82.70","81.61","83.96","81.56","","1.29%"
"05/20/2021","81.65","83.47","83.75","81.51","","-1.61%"
"05/19/2021","82.99","84.10","84.24","82.16","","-1.28%"
"05/18/2021","84.07","82.36","84.31","82.36","","2.26%"
"05/17/2021","82.21","82.65","83.56","82.02","","-0.44%"
"05/14/2021","82.57","84.94","86.24","82.10","","-2.69%"
"05/13/2021","84.85","88.25","88.25","84.83","","-3.67%"
"05/12/2021","88.08","87.66","89.72","87.46","","0.13%"
"05/11/2021","87.97","88.09","88.84","87.35","","-0.20%"
"05/10/2021","88.15","89.29","89.65","87.07","","-1.57%"
"05/07/2021","89.56","90.66","91.00","88.53","","-1.38%"
"05/06/2021","90.81","87.66","90.87","87.51","","3.83%"
"05/05/2021","87.46","86.94","87.93","86.82","","0.15%"
"05/04/2021","87.33","88.00","88.28","86.37","","-0.80%"
"05/03/2021","88.03","88.66","89.16","87.52","","-0.35%"
"04/30/2021","88.34","87.05","88.48","86.30","","2.06%"
"04/29/2021","86.56","89.76","90.27","86.10","","-3.25%"
"04/28/2021","89.47","91.09","91.12","88.66","","-2.08%"
"04/27/2021","91.37","89.32","91.66","88.77","","2.43%"
"04/26/2021","89.20","88.92","89.65","87.60","","0.43%"
"04/23/2021","88.82","86.01","89.04","85.88","","3.35%"
"04/22/2021","85.94","86.34","87.20","85.60","","-0.28%"
"04/21/2021","86.18","85.25","86.33","84.87","","1.21%"
"04/20/2021","85.15","84.87","86.03","84.75","","0.52%"
"04/19/2021","84.71","85.06","86.45","84.55","","1.33%"
"04/16/2021","83.60","84.78","85.09","83.59","","-1.52%"
"04/15/2021","84.89","84.33","85.22","83.46","","0.80%"
"04/14/2021","84.22","81.96","84.31","81.43","","3.13%"
"04/13/2021","81.66","80.19","81.93","79.90","","1.96%"
"04/12/2021","80.09","82.52","82.52","80.03","","-2.72%"
"04/09/2021","82.33","81.63","83.39","81.30","","0.91%"
"04/08/2021","81.59","79.75","81.93","79.70","","2.12%"
"04/07/2021","79.90","79.27","80.65","78.85","","0.95%"
"04/06/2021","79.15","77.92","80.88","77.75","","1.89%"
"04/05/2021","77.68","79.05","79.54","77.68","","-0.19%"
"04/01/2021","77.83","80.81","81.49","77.78","","-3.64%"
"03/31/2021","80.77","80.66","81.37","78.60","","0.15%"
"03/30/2021","80.65","80.32","81.18","79.94","","0.26%"
"03/29/2021","80.44","80.74","80.85","79.95","","0.10%"
"03/26/2021","80.36","78.20","81.12","77.17","","2.45%"
"03/25/2021","78.44","82.39","82.76","78.44","","-4.72%"
"03/24/2021","82.33","83.59","83.61","81.91","","-1.40%"
"03/23/2021","83.50","84.54","84.83","83.35","","-1.28%"
"03/22/2021","84.58","84.81","85.15","84.16","","-0.31%"
"03/19/2021","84.84","85.68","85.69","83.64","","-0.78%"
"03/18/2021","85.51","86.59","87.36","85.35","","-1.33%"
"03/17/2021","86.66","87.00","87.53","86.22","","-0.43%"
"03/16/2021","87.03","86.70","87.53","86.14","","0.38%"
"03/15/2021","86.70","87.68","87.80","85.59","","-1.24%"
"03/12/2021","87.79","88.25","88.48","85.95","","-0.60%"
"03/11/2021","88.32","85.22","88.56","85.18","","3.61%"
"03/10/2021","85.24","83.86","86.60","82.90","","1.09%"
"03/09/2021","84.32","87.92","88.18","84.32","","-4.40%"
"03/08/2021","88.20","88.99","89.28","87.24","","0.64%"
"03/05/2021","87.64","86.75","87.88","85.67","","0.38%"
"03/04/2021","87.31","88.75","89.38","86.66","","-1.51%"
"03/03/2021","88.65","91.02","91.12","88.18","","-2.71%"
"03/02/2021","91.12","91.10","91.43","90.15","","-0.50%"
"03/01/2021","91.58","89.41","92.77","89.41","","2.88%"
"02/26/2021","89.02","89.24","89.59","87.28","","-0.75%"
"02/25/2021","89.69","93.98","95.57","89.69","","-4.20%"
"02/24/2021","93.62","92.59","94.15","92.14","","1.07%"
"02/23/2021","92.63","92.52","93.21","91.51","","0.22%"
"02/22/2021","92.43","90.86","92.51","90.86","","2.04%"
"02/19/2021","90.58","90.11","91.15","89.60","","0.45%"
"02/18/2021","90.17","89.98","90.77","89.56","","0.30%"
"02/17/2021","89.90","89.47","90.00","89.12","","0.42%"
"02/16/2021","89.52","88.88","90.38","88.88","","2.61%"
"02/12/2021","87.24","86.67","87.32","85.35","","0.82%"
"02/11/2021","86.53","84.56","86.75","84.56","","2.18%"
"02/10/2021","84.68","86.38","86.75","84.42","","-2.60%"
"02/09/2021","86.94","84.64","87.11","84.58","","3.01%"
"02/08/2021","84.40","82.94","84.76","82.88","","2.18%"
"02/05/2021","82.60","84.22","84.86","82.59","","-1.87%"
"02/04/2021","84.17","80.92","84.78","80.91","","3.94%"
"02/03/2021","80.98","80.62","81.13","80.46","","0.33%"
"02/02/2021","80.71","80.30","80.99","79.81","","0.94%"
"02/01/2021","79.96","80.72","81.58","79.89","","-0.81%"
"01/29/2021","80.61","80.04","80.82","79.76","","0.83%"
"01/28/2021","79.95","80.82","81.37","79.85","","-1.05%"
"01/27/2021","80.80","81.82","82.41","80.69","","-1.15%"
"01/26/2021","81.74","82.25","82.32","81.14","","-0.68%"
"01/25/2021","82.30","81.55","82.47","81.51","","0.88%"
"01/22/2021","81.58","82.44","82.55","81.50","","-1.10%"
"01/21/2021","82.49","81.48","83.05","81.48","","1.15%"
"01/20/2021","81.55","80.77","81.73","80.60","","0.60%"
"01/19/2021","81.06","80.82","81.84","80.82","","0.40%"
"01/15/2021","80.74","81.32","81.36","80.61","","-0.54%"
"01/14/2021","81.18","80.84","81.52","80.31","","0.35%"
"01/13/2021","80.90","81.57","82.09","80.77","","-0.95%"
"01/12/2021","81.68","80.46","81.75","79.87","","1.54%"
"01/11/2021","80.44","80.03","80.50","78.66","","0.73%"
"01/08/2021","79.86","79.69","80.37","79.56","","0.13%"
"01/07/2021","79.76","79.79","80.71","79.67","","-0.25%"
"01/06/2021","79.96","80.35","80.93","79.94","","-0.61%"
"01/05/2021","80.45","79.13","80.71","79.11","","1.73%"
"01/04/2021","79.08","78.48","79.89","78.40","","1.07%"
"12/31/2020","78.24","77.89","78.37","77.49","","0.53%"
"12/30/2020","77.83","76.99","78.05","76.90","","1.17%"
"12/29/2020","76.93","76.80","77.24","76.37","","0.43%"
"12/28/2020","76.60","77.21","77.21","76.17","","0.56%"
"12/27/2020","76.17","76.17","76.17","76.17","","0.00%"
"12/25/2020","76.17","76.17","76.17","76.17","","0.00%"
"12/24/2020","76.17","76.02","76.58","75.91","","0.13%"
"12/23/2020","76.07","74.72","76.40","74.43","","1.71%"
"12/22/2020","74.79","74.78","75.21","74.29","","0.11%"
"12/21/2020","74.71","77.21","77.28","74.60","","-3.01%"
"12/18/2020","77.03","77.22","77.40","76.87","","-0.17%"
"12/17/2020","77.16","75.61","77.40","75.52","","2.20%"
"12/16/2020","75.50","75.53","76.06","75.35","","0.09%"
"12/15/2020","75.43","74.62","75.67","74.56","","0.90%"
"12/14/2020","74.76","74.29","75.20","74.29","","0.99%"
"12/11/2020","74.03","74.21","74.75","74.00","","-0.18%"
"12/10/2020","74.16","73.05","74.59","72.73","","1.48%"
"12/09/2020","73.08","72.08","73.22","71.86","","1.43%"
"12/08/2020","72.05","72.36","72.48","71.71","","-0.59%"
"12/07/2020","72.48","71.73","72.52","71.38","","1.29%"
"12/04/2020","71.56","71.18","72.23","71.18","","0.51%"
"12/03/2020","71.20","71.58","71.97","71.08","","-0.57%"
"12/02/2020","71.61","72.06","72.45","71.35","","-0.80%"
"12/01/2020","72.19","72.31","73.03","72.14","","-0.07%"
"11/30/2020","72.24","73.20","73.47","72.06","","-1.51%"
"11/27/2020","73.35","72.74","73.40","72.45","","1.23%"
"11/25/2020","72.46","72.84","73.14","72.31","","-0.64%"
"11/24/2020","72.93","73.71","73.87","71.93","","-1.07%"
"11/23/2020","73.72","73.03","74.24","72.78","","3.55%"
"11/20/2020","71.19","69.36","71.19","69.32","","2.73%"
"11/19/2020","69.30","69.49","69.89","69.16","","-0.46%"
"11/18/2020","69.62","68.97","69.76","68.96","","0.77%"
"11/17/2020","69.09","69.66","69.86","68.89","","-0.78%"
"11/16/2020","69.63","68.45","70.00","68.44","","1.77%"
"11/13/2020","68.42","68.51","68.77","68.22","","-0.09%"
"11/12/2020","68.48","69.20","69.41","68.38","","-1.15%"
"11/11/2020","69.28","70.01","70.38","69.25","","-0.90%"
"11/10/2020","69.91","69.92","70.15","69.12","","-0.23%"
"11/09/2020","70.07","68.69","70.44","68.69","","2.20%"
"11/06/2020","68.56","70.11","70.27","68.56","","-2.18%"
"11/05/2020","70.09","70.27","70.92","69.88","","-0.30%"
"11/04/2020","70.30","69.88","70.71","69.64","","0.07%"
"11/03/2020","70.25","68.78","70.32","68.78","","2.18%"
"11/02/2020","68.75","68.62","69.08","68.07","","-0.33%"
"10/30/2020","68.98","69.84","70.04","68.38","","-1.19%"
"10/29/2020","69.81","70.09","70.47","69.59","","-0.41%"
"10/28/2020","70.10","72.01","72.60","70.06","","-2.85%"
"10/27/2020","72.16","72.04","72.53","71.77","","0.07%"
"10/26/2020","72.11","71.32","72.38","71.28","","1.12%"
"10/23/2020","71.31","71.82","71.90","71.10","","-0.93%"
"10/22/2020","71.98","70.94","72.09","70.83","","1.24%"
"10/21/2020","71.10","70.84","72.14","70.57","","0.25%"
"10/20/2020","70.92","70.99","71.65","70.30","","-0.35%"
"10/19/2020","71.17","70.09","71.22","70.09","","1.69%"
"10/16/2020","69.99","69.09","70.04","69.00","","1.08%"
"10/15/2020","69.24","69.03","69.27","68.41","","0.55%"
"10/14/2020","68.86","68.81","69.38","68.56","","0.12%"
"10/13/2020","68.78","68.62","69.25","68.26","","0.22%"
"10/12/2020","68.63","68.07","69.47","68.06","","1.10%"
"10/09/2020","67.88","67.72","68.68","67.56","","0.67%"
"10/08/2020","67.43","67.76","68.29","67.12","","-0.30%"
"10/07/2020","67.63","66.62","67.83","66.44","","1.12%"
"10/06/2020","66.88","65.75","66.95","65.69","","1.38%"
"10/05/2020","65.97","65.72","67.12","65.66","","0.23%"
"10/02/2020","65.82","65.80","66.01","64.87","","-0.15%"
"10/01/2020","65.92","65.91","66.15","65.50","","0.17%"
"09/30/2020","65.81","65.23","66.23","65.11","","0.84%"
"09/29/2020","65.26","65.64","65.67","64.70","","-0.85%"
"09/28/2020","65.82","65.93","66.60","65.20","","-0.27%"
"09/25/2020","66.00","65.41","66.18","65.19","","0.84%"
"09/24/2020","65.45","65.13","65.51","64.66","","0.34%"
"09/23/2020","65.23","65.37","65.47","64.82","","-0.47%"
"09/22/2020","65.54","65.31","65.94","65.02","","0.32%"
"09/21/2020","65.33","65.54","66.23","64.73","","-0.44%"
"09/18/2020","65.62","65.75","66.12","65.20","","-0.33%"
"09/17/2020","65.84","66.34","66.54","65.66","","-0.98%"
"09/16/2020","66.49","66.38","66.88","66.13","","0.18%"
"09/15/2020","66.37","66.73","66.93","65.62","","-0.42%"
"09/14/2020","66.65","64.86","66.87","64.86","","2.92%"
"09/11/2020","64.76","64.78","65.61","64.62","","0.14%"
"09/10/2020","64.67","64.28","65.25","64.17","","0.65%"
"09/09/2020","64.25","63.90","64.32","63.42","","0.27%"
"09/08/2020","64.08","65.06","65.49","63.61","","-1.51%"
"09/04/2020","65.06","64.24","65.08","63.92","","1.23%"
"09/03/2020","64.27","65.00","65.14","64.14","","-1.02%"
"09/02/2020","64.93","65.36","65.95","64.77","","-0.64%"
"09/01/2020","65.35","65.12","66.44","65.06","","0.14%"
"08/31/2020","65.26","65.36","65.96","64.97","","0.43%"
"08/28/2020","64.98","65.31","65.32","64.59","","-0.73%"
"08/27/2020","65.46","65.53","65.70","64.76","","-0.12%"
"08/26/2020","65.54","65.56","66.15","65.09","","0.23%"
"08/25/2020","65.39","65.89","66.44","65.36","","-0.55%"
"08/24/2020","65.75","64.25","66.01","64.23","","2.33%"
"08/21/2020","64.25","64.47","64.54","64.02","","-0.48%"
"08/20/2020","64.56","63.73","64.72","63.02","","1.21%"
"08/19/2020","63.79","62.96","63.85","62.84","","1.35%"
"08/18/2020","62.94","63.22","63.77","62.67","","-0.51%"
"08/17/2020","63.26","63.13","63.75","63.02","","0.52%"
"08/14/2020","62.93","63.09","63.45","62.66","","-0.13%"
"08/13/2020","63.01","62.36","63.47","62.32","","1.19%"
"08/12/2020","62.27","63.47","63.94","62.11","","-2.06%"
"08/11/2020","63.58","62.75","63.74","62.75","","1.11%"
"08/10/2020","62.88","62.22","63.11","62.05","","1.04%"
"08/07/2020","62.23","64.76","64.87","62.16","","-4.03%"
"08/06/2020","64.84","64.42","65.05","64.38","","0.68%"
"08/05/2020","64.40","63.95","64.48","63.75","","0.70%"
"08/04/2020","63.95","63.80","64.28","63.55","","0.27%"
"08/03/2020","63.78","62.62","64.12","62.62","","1.66%"
"07/31/2020","62.74","63.30","63.33","61.91","","-0.73%"
"07/30/2020","63.20","61.78","63.21","60.81","","2.48%"
"07/29/2020","61.67","61.32","61.82","61.17","","0.72%"
"07/28/2020","61.23","61.55","61.60","60.78","","-0.26%"
"07/27/2020","61.39","59.84","61.94","59.77","","1.91%"
"07/24/2020","60.24","61.94","62.10","59.53","","-2.62%"
"07/23/2020","61.86","62.63","62.86","61.84","","-1.17%"
"07/22/2020","62.59","62.93","63.46","62.33","","-0.52%"
"07/21/2020","62.92","62.93","63.27","62.67","","-0.02%"
"07/20/2020","62.93","62.03","63.10","61.61","","1.57%"
"07/17/2020","61.96","62.42","62.51","61.88","","-0.85%"
"07/16/2020","62.49","62.23","62.57","61.69","","0.50%"
"07/15/2020","62.18","62.66","63.14","62.05","","-0.64%"
"07/14/2020","62.58","62.97","63.02","62.36","","-1.20%"
"07/13/2020","63.34","63.96","64.22","63.27","","-1.57%"
"07/10/2020","64.35","63.76","64.60","63.17","","0.70%"
"07/09/2020","63.90","64.08","64.90","63.67","","-0.37%"
"07/08/2020","64.14","62.89","64.33","62.79","","1.63%"
"07/07/2020","63.11","63.06","63.40","62.56","","0.14%"
"07/06/2020","63.02","63.06","63.70","62.44","","0.08%"
"07/02/2020","62.97","62.56","62.97","62.30","","0.53%"
"07/01/2020","62.64","60.95","62.79","60.93","","2.72%"
"06/30/2020","60.98","59.64","60.98","59.34","","2.16%"
"06/29/2020","59.69","59.30","59.72","58.86","","0.40%"
"06/26/2020","59.45","59.58","59.85","59.27","","-0.25%"
"06/25/2020","59.60","59.27","59.92","58.81","","0.56%"
"06/24/2020","59.27","59.51","60.08","59.03","","-0.30%"
"06/23/2020","59.45","59.78","59.86","58.59","","-0.70%"
"06/22/2020","59.87","59.88","59.91","59.20","","-2.70%"
"06/19/2020","61.53","61.05","62.00","61.05","","0.89%"
"06/18/2020","60.99","61.34","61.74","60.88","","-0.60%"
"06/17/2020","61.36","60.18","61.37","59.95","","1.64%"
"06/16/2020","60.37","59.35","60.39","59.19","","2.34%"
"06/15/2020","58.99","59.55","59.71","58.69","","-1.32%"
"06/12/2020","59.78","60.09","60.37","59.49","","-0.32%"
"06/11/2020","59.97","60.37","60.51","59.36","","-0.89%"
"06/10/2020","60.51","60.62","60.69","59.82","","0.08%"
"06/09/2020","60.46","61.00","61.29","60.22","","-0.44%"
"06/08/2020","60.73","61.92","62.11","60.59","","-1.83%"
"06/05/2020","61.86","59.86","62.32","59.77","","3.22%"
"06/04/2020","59.93","60.15","60.46","59.67","","-0.79%"
"06/03/2020","60.41","60.34","60.73","59.92","","-0.02%"
"06/02/2020","60.42","60.23","61.14","60.02","","0.27%"
"06/01/2020","60.26","57.73","60.39","57.27","","5.28%"
"05/29/2020","57.24","57.50","57.74","56.58","","-0.66%"
"05/28/2020","57.62","58.42","58.51","57.53","","-1.20%"
"05/27/2020","58.32","58.39","58.61","57.63","","0.02%"
"05/26/2020","58.31","57.83","59.45","57.79","","1.34%"
"05/22/2020","57.54","58.18","58.23","57.06","","-1.10%"
"05/21/2020","58.18","58.05","58.70","57.33","","0.07%"
"05/20/2020","58.14","59.22","59.85","58.11","","-1.82%"
"05/19/2020","59.22","57.98","59.47","57.98","","2.35%"
"05/18/2020","57.86","58.24","58.96","57.41","","-0.55%"
"05/15/2020","58.18","57.77","58.86","57.36","","0.67%"
"05/14/2020","57.79","57.60","58.22","56.83","","0.40%"
"05/13/2020","57.56","58.20","58.43","56.98","","-1.35%"
"05/12/2020","58.35","56.48","58.59","56.02","","2.87%"
"05/11/2020","56.72","56.04","57.14","55.81","","0.75%"
"05/08/2020","56.30","55.44","57.04","55.44","","1.77%"
"05/07/2020","55.32","54.65","56.44","54.43","","1.17%"
"05/06/2020","54.68","53.64","55.03","53.23","","2.07%"
"05/05/2020","53.57","54.45","55.33","53.47","","-1.38%"
"05/04/2020","54.32","55.73","55.73","53.86","","-2.63%"
"05/01/2020","55.79","57.38","57.45","55.33","","-2.84%"
"04/30/2020","57.42","57.17","57.96","56.58","","0.38%"
"04/29/2020","57.20","55.83","57.24","55.83","","2.31%"
"04/28/2020","55.91","55.08","56.98","54.57","","1.56%"
"04/27/2020","55.05","55.59","56.47","54.61","","-1.26%"
"04/24/2020","55.75","56.30","56.69","55.28","","-0.99%"
"04/23/2020","56.31","57.06","57.63","55.66","","0.43%"
"04/22/2020","56.07","52.86","56.22","52.19","","5.63%"
"04/21/2020","53.08","54.09","54.09","52.02","","-1.50%"
"04/20/2020","53.89","52.89","54.29","52.53","","2.47%"
"04/17/2020","52.59","53.15","53.86","52.59","","-0.59%"
"04/16/2020","52.90","52.72","53.40","52.13","","0.30%"
"04/15/2020","52.74","52.41","53.16","51.90","","0.59%"
"04/14/2020","52.43","52.70","53.05","52.38","","-0.96%"
"04/13/2020","52.94","54.39","54.52","52.36","","-2.70%"
"04/09/2020","54.41","53.84","54.49","53.09","","1.13%"
"04/08/2020","53.80","52.65","54.12","52.24","","1.99%"
"04/07/2020","52.75","53.23","53.58","52.38","","-0.55%"
"04/06/2020","53.04","51.14","53.85","49.32","","3.92%"
"04/03/2020","51.04","50.20","51.16","49.66","","2.31%"
"04/02/2020","49.89","48.83","51.48","48.60","","2.13%"
"04/01/2020","48.85","50.81","51.27","48.36","","-4.48%"
"03/31/2020","51.14","50.64","51.73","49.47","","0.93%"
"03/30/2020","50.67","50.83","51.12","48.85","","-0.98%"
"03/27/2020","51.17","52.82","53.30","51.16","","-3.11%"
"03/26/2020","52.81","53.45","54.00","52.51","","-1.25%"
"03/25/2020","53.48","53.26","54.27","52.23","","0.53%"
"03/24/2020","53.20","52.21","54.77","51.19","","2.45%"
"03/23/2020","51.93","52.72","52.72","50.68","","-3.28%"
"03/20/2020","53.69","55.41","56.37","53.21","","-3.02%"
"03/19/2020","55.36","56.37","57.00","53.64","","-2.60%"
"03/18/2020","56.84","57.89","58.56","55.66","","-1.93%"
"03/17/2020","57.96","58.80","59.68","57.86","","-1.38%"
"03/16/2020","58.77","59.69","59.69","58.12","","-2.86%"
"03/13/2020","60.50","59.36","61.90","58.58","","1.24%"
"03/12/2020","59.76","61.52","61.52","59.36","","-2.92%"
"03/11/2020","61.56","61.49","61.94","61.31","","0.31%"
"03/10/2020","61.37","61.76","62.87","61.02","","0.20%"
"03/09/2020","61.25","61.92","62.47","60.50","","-2.51%"
"03/06/2020","62.83","63.07","63.27","62.36","","-0.84%"
"03/05/2020","63.36","63.64","64.14","62.74","","0.52%"
"03/04/2020","63.03","62.97","64.08","62.91","","0.49%"
"03/03/2020","62.72","63.79","65.05","62.64","","-1.20%"
"03/02/2020","63.48","61.84","64.24","61.75","","2.72%"
"02/28/2020","61.80","62.63","62.72","60.17","","-1.15%"
"02/27/2020","62.52","65.38","65.38","62.49","","-4.39%"
"02/26/2020","65.39","66.67","66.73","65.38","","-1.58%"
"02/25/2020","66.44","66.96","67.75","66.16","","-1.07%"
"02/24/2020","67.16","68.14","68.16","66.00","","-2.17%"
"02/21/2020","68.65","68.56","68.98","68.09","","-0.16%"
"02/20/2020","68.76","68.52","68.80","67.72","","0.39%"
"02/19/2020","68.49","68.06","69.04","68.06","","0.75%"
"02/18/2020","67.98","67.97","68.91","67.84","","0.88%"
"02/14/2020","67.39","67.70","67.93","67.21","","-0.49%"
"02/13/2020","67.72","68.48","68.56","67.72","","-1.08%"
"02/12/2020","68.46","68.31","68.79","67.82","","0.23%"
"02/11/2020","68.30","68.09","68.55","67.99","","0.31%"
"02/10/2020","68.09","67.70","68.36","67.67","","0.43%"
"02/07/2020","67.80","67.84","67.98","67.10","","-0.15%"
"02/06/2020","67.90","67.69","68.20","67.52","","0.31%"
"02/05/2020","67.69","67.64","68.42","67.31","","0.16%"
"02/04/2020","67.58","67.06","68.21","66.95","","1.11%"
"02/03/2020","66.84","67.16","68.05","66.76","","-0.86%"
"01/31/2020","67.42","68.98","69.34","67.41","","-2.22%"
"01/30/2020","68.95","69.99","70.03","68.55","","-1.60%"
"01/29/2020","70.07","70.38","70.91","69.88","","-0.30%"
"01/28/2020","70.28","69.16","70.59","69.08","","1.20%"
"01/27/2020","69.45","69.28","69.82","68.00","","-0.04%"
"01/24/2020","69.48","69.85","70.24","69.35","","-0.64%"
"01/23/2020","69.93","70.94","70.94","69.81","","-1.76%"
"01/22/2020","71.18","69.01","71.26","68.73","","2.80%"
"01/21/2020","69.24","71.22","71.22","69.12","","-2.89%"
"01/17/2020","71.30","70.00","71.37","69.95","","1.52%"
"01/16/2020","70.23","70.28","70.37","69.73","","0.06%"
"01/15/2020","70.19","71.31","71.31","70.10","","-1.74%"
"01/14/2020","71.43","71.53","71.75","70.91","","0.04%"
"01/13/2020","71.40","71.20","71.96","71.19","","0.14%"
"01/10/2020","71.30","70.52","71.38","70.36","","0.95%"
"01/09/2020","70.63","69.91","70.85","69.56","","0.90%"
"01/08/2020","70.00","69.67","70.01","69.07","","0.24%"
"01/07/2020","69.83","70.08","70.25","69.47","","-0.34%"
"01/06/2020","70.07","69.35","70.10","69.31","","1.23%"
"01/03/2020","69.22","69.03","69.60","68.51","","0.03%"
"01/02/2020","69.20","69.31","69.73","69.04","","0.32%"
"12/31/2019","68.98","69.46","69.72","68.81","","-0.88%"
"12/30/2019","69.59","68.97","69.69","68.97","","1.22%"
"12/27/2019","68.75","68.79","69.32","68.47","","0.10%"
"12/26/2019","68.68","68.71","69.34","68.47","","-0.06%"
"12/25/2019","68.72","68.72","68.72","68.72","","0.00%"
"12/24/2019","68.72","68.49","68.73","68.24","","0.32%"
"12/23/2019","68.50","67.99","68.75","67.62","","0.82%"
"12/20/2019","67.94","67.54","68.31","67.13","","0.34%"
"12/19/2019","67.71","66.72","67.86","66.69","","1.41%"
"12/18/2019","66.77","66.48","67.18","66.25","","0.47%"
"12/17/2019","66.46","66.86","67.07","66.31","","-0.78%"
"12/16/2019","66.98","66.78","67.43","66.44","","0.34%"
"12/13/2019","66.75","67.40","67.80","66.44","","-0.65%"
"12/12/2019","67.19","65.83","67.38","65.58","","1.99%"
"12/11/2019","65.88","65.86","66.19","65.35","","-0.11%"
"12/10/2019","65.95","65.68","66.23","64.88","","0.75%"
"12/09/2019","65.46","66.18","66.25","64.81","","-0.74%"
"12/06/2019","65.95","64.52","66.33","64.52","","2.25%"
"12/05/2019","64.50","64.83","65.20","64.41","","-0.52%"
"12/04/2019","64.84","64.06","64.84","64.05","","1.22%"
"12/03/2019","64.06","64.70","64.92","64.03","","-1.20%"
"12/02/2019","64.84","65.34","65.97","64.75","","-0.70%"
"11/29/2019","65.30","65.69","65.69","65.12","","-0.85%"
"11/27/2019","65.86","65.84","66.09","65.31","","0.02%"
"11/26/2019","65.85","65.68","66.13","65.42","","0.12%"
"11/25/2019","65.77","64.94","65.89","64.77","","1.39%"
"11/22/2019","64.87","64.08","64.90","63.97","","1.34%"
"11/21/2019","64.01","63.93","64.84","63.70","","-0.33%"
"11/20/2019","64.22","65.25","65.81","64.19","","-1.67%"
"11/19/2019","65.31","65.55","66.05","65.17","","-0.74%"
"11/18/2019","65.80","66.49","66.63","65.27","","1.45%"
"11/15/2019","64.86","64.33","65.00","64.23","","0.97%"
"11/14/2019","64.24","64.40","64.90","63.86","","-0.09%"
"11/13/2019","64.30","64.52","64.84","64.14","","-0.54%"
"11/12/2019","64.65","64.26","64.82","64.05","","0.54%"
"11/11/2019","64.30","64.56","64.83","63.74","","-0.33%"
"11/08/2019","64.51","64.21","65.06","63.62","","0.51%"
"11/07/2019","64.18","63.59","64.86","63.49","","0.83%"
"11/06/2019","63.65","63.75","64.11","63.46","","-0.19%"
"11/05/2019","63.77","63.75","64.21","63.56","","0.00%"
"11/04/2019","63.77","64.68","64.97","63.55","","-1.33%"
"11/01/2019","64.63","64.36","64.91","63.82","","0.39%"
"10/31/2019","64.38","65.63","65.96","64.02","","-2.02%"
"10/30/2019","65.71","64.73","65.99","64.65","","1.44%"
"10/29/2019","64.78","64.88","65.46","64.71","","-0.08%"
"10/28/2019","64.83","65.18","65.28","64.49","","-0.25%"
"10/25/2019","64.99","64.68","65.69","64.59","","0.49%"
"10/24/2019","64.67","64.91","65.52","64.61","","-0.32%"
"10/23/2019","64.88","64.61","65.18","64.41","","0.32%"
"10/22/2019","64.67","64.39","65.19","63.97","","0.34%"
"10/21/2019","64.45","65.21","65.45","64.45","","-1.12%"
"10/18/2019","65.18","65.14","65.39","65.01","","0.14%"
"10/17/2019","65.09","64.53","65.14","64.20","","0.84%"
"10/16/2019","64.55","63.48","64.58","63.06","","1.77%"
"10/15/2019","63.43","62.04","63.69","61.73","","1.98%"
"10/14/2019","62.20","64.31","65.87","62.20","","-2.81%"
"10/11/2019","64.00","61.71","64.00","61.54","","3.98%"
"10/10/2019","61.55","62.05","62.47","61.37","","-0.85%"
"10/09/2019","62.08","61.26","62.38","61.00","","1.21%"
"10/08/2019","61.34","61.61","61.79","60.80","","-0.79%"
"10/07/2019","61.83","61.88","62.27","61.40","","0.10%"
"10/04/2019","61.77","61.72","62.13","61.23","","0.34%"
"10/03/2019","61.56","61.26","62.91","61.16","","0.44%"
"10/02/2019","61.29","60.95","61.53","60.39","","0.56%"
"10/01/2019","60.95","60.89","61.13","60.20","","0.35%"
"09/30/2019","60.74","60.88","61.13","60.09","","-0.41%"
"09/27/2019","60.99","60.04","61.00","59.59","","1.25%"
"09/26/2019","60.24","60.58","60.94","59.93","","-0.63%"
"09/25/2019","60.62","60.64","60.65","59.64","","0.40%"
"09/24/2019","60.38","60.81","60.95","59.66","","-0.72%"
"09/23/2019","60.82","60.62","61.67","60.14","","0.45%"
"09/20/2019","60.55","60.31","60.87","60.21","","0.31%"
"09/19/2019","60.36","60.53","61.12","60.29","","-0.10%"
"09/18/2019","60.42","61.23","61.34","60.42","","-1.45%"
"09/17/2019","61.31","62.46","62.55","60.81","","-2.01%"
"09/16/2019","62.57","62.58","62.78","61.89","","0.43%"
"09/13/2019","62.30","62.29","63.30","62.07","","0.45%"
"09/12/2019","62.02","59.52","62.36","59.47","","4.45%"
"09/11/2019","59.38","59.22","59.55","58.97","","0.34%"
"09/10/2019","59.18","58.91","59.70","58.91","","0.39%"
"09/09/2019","58.95","58.48","59.09","58.34","","0.86%"
"09/06/2019","58.45","59.08","59.86","58.04","","-1.18%"
"09/05/2019","59.15","58.34","59.17","58.15","","1.67%"
"09/04/2019","58.18","57.97","58.78","57.85","","0.55%"
"09/03/2019","57.86","58.54","58.72","57.56","","-1.73%"
"08/30/2019","58.88","59.00","59.30","58.48","","-0.19%"
"08/29/2019","58.99","58.73","59.28","57.96","","0.49%"
"08/28/2019","58.70","58.02","58.92","57.84","","1.33%"
"08/27/2019","57.93","57.68","59.41","57.41","","0.28%"
"08/26/2019","57.77","57.90","57.94","56.59","","-0.70%"
"08/23/2019","58.18","58.89","59.54","58.07","","-1.19%"
"08/22/2019","58.88","59.95","60.03","58.87","","-1.75%"
"08/21/2019","59.93","58.88","59.98","58.69","","1.44%"
"08/20/2019","59.08","59.35","59.65","59.08","","-0.17%"
"08/19/2019","59.18","60.14","60.18","59.12","","-1.56%"
"08/16/2019","60.12","59.57","60.23","59.54","","0.89%"
"08/15/2019","59.59","59.47","60.18","59.27","","0.13%"
"08/14/2019","59.51","59.40","59.86","58.95","","-0.08%"
"08/13/2019","59.56","58.11","59.95","57.90","","2.44%"
"08/12/2019","58.14","58.99","59.04","57.57","","-1.21%"
"08/09/2019","58.85","59.68","59.68","58.80","","-1.31%"
"08/08/2019","59.63","58.88","59.78","58.69","","1.24%"
"08/07/2019","58.90","58.74","58.93","57.52","","0.20%"
"08/06/2019","58.78","58.57","58.80","58.18","","0.31%"
"08/05/2019","58.60","59.75","60.10","57.27","","-1.38%"
"08/02/2019","59.42","62.14","62.15","59.38","","-4.64%"
"08/01/2019","62.31","63.87","63.87","62.26","","-2.46%"
"07/31/2019","63.88","63.38","63.98","63.14","","0.88%"
"07/30/2019","63.32","64.05","64.15","62.86","","-1.43%"
"07/29/2019","64.24","64.04","64.43","63.27","","-0.34%"
"07/26/2019","64.46","64.12","64.61","63.58","","0.39%"
"07/25/2019","64.21","64.18","64.67","63.97","","-0.02%"
"07/24/2019","64.22","63.57","64.67","63.54","","0.78%"
"07/23/2019","63.72","63.29","63.82","62.94","","0.52%"
"07/22/2019","63.39","63.23","63.97","63.11","","0.48%"
"07/19/2019","63.09","61.69","63.27","61.69","","2.22%"
"07/18/2019","61.72","62.48","62.58","61.67","","-1.31%"
"07/17/2019","62.54","63.07","63.17","62.34","","-0.90%"
"07/16/2019","63.11","63.90","63.90","62.85","","-1.33%"
"07/15/2019","63.96","62.83","64.09","62.69","","2.12%"
"07/12/2019","62.63","63.18","63.45","62.63","","-0.78%"
"07/11/2019","63.12","63.96","64.10","62.86","","-1.21%"
"07/10/2019","63.89","63.08","64.20","62.75","","1.33%"
"07/09/2019","63.05","64.76","65.02","62.76","","-3.25%"
"07/08/2019","65.17","66.27","66.48","65.16","","-1.73%"
"07/05/2019","66.32","66.51","66.74","65.84","","-0.30%"
"07/03/2019","66.52","66.39","67.16","66.28","","0.03%"
"07/02/2019","66.50","65.81","66.88","65.28","","1.34%"
"07/01/2019","65.62","67.10","67.84","65.59","","-0.17%"
"06/28/2019","65.73","65.97","66.73","65.56","","-0.39%"
"06/27/2019","65.99","66.54","66.72","65.78","","-0.53%"
"06/26/2019","66.34","65.63","67.48","65.47","","1.19%"
"06/25/2019","65.56","65.39","66.15","65.22","","0.21%"
"06/24/2019","65.42","64.71","65.55","64.69","","6.10%"
"06/21/2019","61.66","63.39","63.95","60.52","","-2.51%"
"06/20/2019","63.25","65.31","65.72","62.99","","-3.35%"
"06/19/2019","65.44","65.56","66.36","65.32","","0.05%"
"06/18/2019","65.41","65.44","66.99","64.98","","0.08%"
"06/17/2019","65.36","66.03","66.49","65.35","","-0.97%"
"06/14/2019","66.00","66.91","66.92","65.91","","-1.32%"
"06/13/2019","66.88","66.62","67.51","66.05","","0.56%"
"06/12/2019","66.51","65.65","66.94","65.42","","1.26%"
"06/11/2019","65.68","65.73","66.36","65.30","","-0.32%"
"06/10/2019","65.89","65.87","66.50","64.86","","-0.30%"
"06/07/2019","66.09","68.66","68.72","65.59","","-3.56%"
"06/06/2019","68.53","68.66","68.72","67.50","","-0.32%"
"06/05/2019","68.75","69.11","69.61","68.44","","-0.32%"
"06/04/2019","68.97","69.59","69.82","68.49","","-0.62%"
"06/03/2019","69.40","68.16","69.53","66.91","","1.80%"
"05/31/2019","68.17","69.31","69.67","68.00","","-1.64%"
"05/30/2019","69.31","69.01","69.49","68.20","","0.25%"
"05/29/2019","69.14","69.58","69.81","68.66","","-0.29%"
"05/28/2019","69.34","68.51","69.49","68.46","","1.46%"
"05/24/2019","68.34","67.41","68.58","67.36","","1.21%"
"05/23/2019","67.52","66.78","68.22","66.53","","1.20%"
"05/22/2019","66.72","67.41","67.45","66.12","","-0.94%"
"05/21/2019","67.35","67.98","68.22","67.02","","-0.91%"
"05/20/2019","67.97","66.25","67.97","65.85","","3.22%"
"05/17/2019","65.85","66.64","66.78","65.84","","-1.54%"
"05/16/2019","66.88","66.62","67.16","66.41","","0.71%"
"05/15/2019","66.41","66.69","67.27","65.80","","-0.46%"
"05/14/2019","66.72","65.81","67.14","64.51","","1.26%"
"05/13/2019","65.89","68.57","68.58","65.49","","-3.77%"
"05/10/2019","68.47","70.59","71.50","68.35","","-2.35%"
"05/09/2019","70.12","72.23","72.34","69.65","","-3.06%"
"05/08/2019","72.33","73.19","73.62","71.93","","-1.13%"
"05/07/2019","73.16","73.69","74.72","73.16","","-0.44%"
"05/06/2019","73.48","75.08","75.08","73.04","","-2.96%"
"05/03/2019","75.72","75.45","76.31","75.44","","0.37%"
"05/02/2019","75.44","76.36","76.59","75.38","","-1.57%"
"05/01/2019","76.64","76.71","76.88","75.66","","-0.17%"
"04/30/2019","76.77","76.88","77.32","76.56","","-0.26%"
"04/29/2019","76.97","77.75","78.09","76.85","","-0.89%"
"04/26/2019","77.66","78.36","78.39","77.28","","-0.86%"
"04/25/2019","78.33","77.15","78.47","77.15","","1.53%"
"04/24/2019","77.15","77.79","77.93","77.06","","-0.89%"
"04/23/2019","77.84","78.43","78.50","77.17","","-0.74%"
"04/22/2019","78.42","78.44","78.83","78.16","","1.40%"
"04/18/2019","77.34","78.03","78.22","77.02","","-1.06%"
"04/17/2019","78.17","77.91","78.44","77.52","","0.31%"
"04/16/2019","77.93","76.61","78.22","76.60","","1.66%"
"04/15/2019","76.66","78.12","79.16","75.72","","-1.78%"
"04/12/2019","78.05","77.06","78.65","76.89","","1.36%"
"04/11/2019","77.00","77.61","77.94","76.87","","-0.75%"
"04/10/2019","77.58","78.07","78.31","77.32","","-0.60%"
"04/09/2019","78.05","78.82","79.31","77.60","","-1.08%"
"04/08/2019","78.90","78.34","79.08","77.88","","0.69%"
"04/05/2019","78.36","77.23","78.48","77.09","","1.23%"
"04/04/2019","77.41","76.94","77.78","76.94","","0.42%"
"04/03/2019","77.09","77.31","77.94","76.91","","-0.27%"
"04/02/2019","77.30","77.28","77.36","76.49","","0.04%"
"04/01/2019","77.27","77.61","77.89","77.19","","-0.40%"
"03/29/2019","77.58","75.87","77.80","75.73","","2.16%"
"03/28/2019","75.94","76.93","77.15","75.53","","-1.33%"
"03/27/2019","76.96","77.76","77.78","76.61","","-1.18%"
"03/26/2019","77.88","77.53","77.98","77.43","","0.15%"
"03/25/2019","77.76","76.72","77.76","76.18","","1.53%"
"03/22/2019","76.59","76.97","77.58","76.06","","-0.74%"
"03/21/2019","77.16","75.67","77.83","75.38","","2.17%"
"03/20/2019","75.52","75.50","75.88","75.17","","-0.15%"
"03/19/2019","75.63","75.23","76.35","75.22","","0.44%"
"03/18/2019","75.30","75.59","75.91","74.95","","-0.28%"
"03/15/2019","75.51","74.33","75.83","74.33","","1.57%"
"03/14/2019","74.34","75.63","75.88","74.03","","-1.85%"
"03/13/2019","75.74","74.86","75.98","74.72","","1.22%"
"03/12/2019","74.83","73.21","75.00","73.18","","2.20%"
"03/11/2019","73.22","73.31","73.85","73.06","","-0.15%"
"03/08/2019","73.33","73.18","73.78","72.52","","0.29%"
"03/07/2019","73.12","74.34","74.63","73.06","","-1.63%"
"03/06/2019","74.33","74.52","74.89","74.05","","-0.31%"
"03/05/2019","74.56","73.11","74.70","73.11","","1.94%"
"03/04/2019","73.14","74.01","74.63","73.12","","-1.02%"
"03/01/2019","73.89","72.61","73.95","72.61","","1.54%"
"02/28/2019","72.77","72.32","73.13","72.08","","0.46%"
"02/27/2019","72.44","71.94","72.74","71.92","","0.64%"
"02/26/2019","71.98","72.78","73.03","71.91","","-1.53%"
"02/25/2019","73.10","73.56","73.82","72.87","","0.25%"
"02/22/2019","72.92","74.13","75.16","71.88","","-1.42%"
"02/21/2019","73.97","72.10","74.34","71.91","","2.52%"
"02/20/2019","72.15","72.10","72.67","72.07","","-0.10%"
"02/19/2019","72.22","72.08","72.77","71.94","","0.46%"
"02/18/2019","71.89","71.89","71.89","71.89","","2.38%"
"02/15/2019","70.22","70.09","70.50","69.71","","0.14%"
"02/14/2019","70.12","69.78","70.39","69.54","","0.44%"
"02/13/2019","69.81","69.75","70.63","69.66","","0.01%"
"02/12/2019","69.80","70.63","70.92","69.72","","-0.96%"
"02/11/2019","70.48","72.45","72.70","70.31","","-2.76%"
"02/08/2019","72.48","72.76","73.02","72.47","","-0.40%"
"02/07/2019","72.77","73.65","73.86","72.48","","-1.26%"
"02/06/2019","73.70","73.42","74.11","73.09","","0.29%"
"02/05/2019","73.49","72.81","73.75","72.66","","1.06%"
"02/04/2019","72.72","73.69","73.87","72.67","","-1.24%"
"02/01/2019","73.63","74.35","74.73","73.58","","-0.82%"
"01/31/2019","74.24","74.22","74.85","74.00","","-0.23%"
"01/30/2019","74.41","74.01","74.53","73.75","","0.32%"
"01/29/2019","74.17","73.64","74.45","73.50","","0.57%"
"01/28/2019","73.75","74.06","74.13","73.16","","-0.57%"
"01/25/2019","74.17","73.39","74.22","73.31","","1.34%"
"01/24/2019","73.19","73.53","73.90","73.03","","-0.54%"
"01/23/2019","73.59","73.19","74.27","73.03","","0.70%"
"01/22/2019","73.08","74.22","74.28","72.77","","-0.85%"
"01/21/2019","73.71","73.71","73.71","73.71","","-0.35%"
"01/18/2019","73.97","74.30","74.63","73.77","","-0.43%"
"01/17/2019","74.29","73.38","74.60","73.35","","1.42%"
"01/16/2019","73.25","72.24","73.55","72.24","","1.29%"
"01/15/2019","72.32","72.93","73.46","72.25","","-0.92%"
"01/14/2019","72.99","72.62","73.58","72.43","","0.65%"
"01/11/2019","72.52","72.86","73.26","72.34","","-0.47%"
"01/10/2019","72.86","73.03","73.84","72.45","","-0.36%"
"01/09/2019","73.12","71.81","73.62","71.74","","2.17%"
"01/08/2019","71.57","72.94","73.85","71.55","","-1.81%"
"01/07/2019","72.89","72.63","73.90","72.55","","0.57%"
"01/04/2019","72.48","71.02","73.36","70.97","","2.26%"
"01/03/2019","70.88","70.82","71.99","70.66","","0.16%"
"01/02/2019","70.77","72.36","72.59","70.77","","-2.08%"
"12/31/2018","72.27","72.29","72.85","72.10","","0.00%"
"12/28/2018","72.27","72.18","72.86","72.06","","0.33%"
"12/27/2018","72.03","74.06","74.18","71.88","","-1.92%"
"12/26/2018","73.44","72.72","73.54","72.16","","1.35%"
"12/24/2018","72.46","73.72","73.78","72.41","","-1.04%"
"12/21/2018","73.22","75.31","75.60","73.07","","-2.67%"
"12/20/2018","75.23","76.67","77.38","75.03","","-1.87%"
"12/19/2018","76.66","77.67","78.02","76.64","","-1.47%"
"12/18/2018","77.80","78.34","78.63","77.77","","-0.83%"
"12/17/2018","78.45","79.41","79.79","77.91","","-1.43%"
"12/14/2018","79.59","79.36","79.94","78.63","","0.16%"
"12/13/2018","79.46","79.83","79.96","78.95","","-0.60%"
"12/12/2018","79.94","80.20","80.31","79.57","","-0.10%"
"12/11/2018","80.02","79.90","80.65","79.13","","0.26%"
"12/10/2018","79.81","80.12","80.60","79.38","","-0.55%"
"12/07/2018","80.25","79.04","80.93","78.81","","1.52%"
"12/06/2018","79.05","80.33","80.73","78.62","","-2.48%"
"12/05/2018","81.06","79.90","81.30","79.68","","1.60%"
"12/04/2018","79.78","79.62","80.37","79.32","","-0.09%"
"12/03/2018","79.85","80.64","81.85","79.82","","1.29%"
"11/30/2018","78.83","78.89","79.30","78.46","","0.14%"
"11/29/2018","78.72","78.75","79.19","78.03","","-0.08%"
"11/28/2018","78.78","77.75","79.04","77.69","","1.23%"
"11/27/2018","77.82","78.42","78.46","77.55","","-0.74%"
"11/26/2018","78.40","77.22","78.70","77.19","","1.46%"
"11/23/2018","77.27","77.79","77.96","77.22","","-1.92%"
"11/21/2018","78.78","77.38","79.39","77.26","","1.77%"
"11/20/2018","77.41","78.06","78.37","77.41","","-0.87%"
"11/19/2018","78.09","78.72","79.01","77.66","","-0.27%"
"11/16/2018","78.30","78.15","79.33","78.06","","0.10%"
"11/15/2018","78.22","78.27","78.79","77.81","","-0.15%"
"11/14/2018","78.34","77.91","78.67","77.84","","0.82%"
"11/13/2018","77.70","78.35","78.62","77.51","","-0.77%"
"11/12/2018","78.30","79.13","79.73","78.22","","0.17%"
"11/09/2018","78.17","79.09","79.18","77.21","","-1.04%"
"11/08/2018","78.99","79.20","80.48","78.70","","0.15%"
"11/07/2018","78.87","77.39","79.74","77.21","","1.85%"
"11/06/2018","77.44","78.66","79.16","76.84","","-1.73%"
"11/05/2018","78.80","78.82","79.40","78.30","","0.03%"
"11/02/2018","78.78","78.95","79.77","78.31","","-0.37%"
"11/01/2018","79.07","76.90","79.54","76.56","","2.89%"
"10/31/2018","76.85","76.86","77.02","76.50","","-0.04%"
"10/30/2018","76.88","77.15","77.50","76.56","","-0.36%"
"10/29/2018","77.16","79.38","79.48","77.10","","-1.77%"
"10/26/2018","78.55","77.83","78.74","77.17","","1.11%"
"10/25/2018","77.69","76.91","77.74","76.15","","0.82%"
"10/24/2018","77.06","78.95","79.49","77.02","","-2.46%"
"10/23/2018","79.00","79.89","79.99","78.20","","-1.26%"
"10/22/2018","80.01","77.79","80.14","77.77","","2.70%"
"10/19/2018","77.91","78.09","78.15","77.53","","-0.15%"
"10/18/2018","78.03","77.98","78.39","77.34","","0.21%"
"10/17/2018","77.87","78.22","78.60","77.67","","-0.68%"
"10/16/2018","78.40","78.98","78.98","78.26","","-0.44%"
"10/15/2018","78.75","79.14","79.14","77.87","","0.50%"
"10/12/2018","78.36","77.13","78.84","77.05","","2.10%"
"10/11/2018","76.75","76.90","77.70","76.22","","-0.08%"
"10/10/2018","76.81","77.11","77.57","76.51","","-0.21%"
"10/09/2018","76.97","77.38","77.89","76.28","","-0.76%"
"10/08/2018","77.56","76.30","77.60","76.28","","1.93%"
"10/05/2018","76.09","76.12","76.71","76.01","","0.13%"
"10/04/2018","75.99","76.61","76.76","75.64","","-0.59%"
"10/03/2018","76.44","76.34","76.83","76.07","","0.28%"
"10/02/2018","76.23","76.22","76.79","75.76","","-0.09%"
"10/01/2018","76.30","76.36","77.15","75.38","","-0.10%"
"09/28/2018","76.38","77.69","77.88","76.28","","-1.71%"
"09/27/2018","77.71","78.52","78.53","77.33","","-1.08%"
"09/26/2018","78.56","79.20","79.60","78.42","","-0.52%"
"09/25/2018","78.97","78.76","79.21","78.11","","0.52%"
"09/24/2018","78.56","79.24","79.30","78.31","","-0.73%"
"09/21/2018","79.14","78.29","79.21","78.02","","0.87%"
"09/20/2018","78.46","78.74","78.98","78.19","","-0.33%"
"09/19/2018","78.72","78.37","79.32","77.91","","0.13%"
"09/18/2018","78.62","81.23","81.62","78.36","","-3.34%"
"09/17/2018","81.34","81.75","82.36","81.31","","-0.61%"
"09/14/2018","81.84","81.45","81.98","81.39","","0.42%"
"09/13/2018","81.50","82.38","82.40","81.41","","-1.42%"
"09/12/2018","82.67","82.98","83.44","81.60","","-0.27%"
"09/11/2018","82.89","83.81","83.89","81.97","","-1.19%"
"09/10/2018","83.89","83.21","83.90","82.64","","2.30%"
"09/07/2018","82.00","81.28","83.40","81.21","","0.87%"
"09/06/2018","81.29","81.77","82.07","81.24","","-0.57%"
"09/05/2018","81.76","82.69","82.97","81.46","","-1.23%"
"09/04/2018","82.78","82.83","83.02","81.35","","0.60%"
"08/31/2018","82.29","82.21","82.96","82.06","","0.06%"
"08/30/2018","82.24","82.92","83.19","81.91","","-0.63%"
"08/29/2018","82.76","84.23","84.25","82.16","","-0.96%"
"08/28/2018","83.56","83.18","83.90","82.66","","0.42%"
"08/27/2018","83.21","81.46","83.52","81.35","","1.89%"
"08/24/2018","81.67","81.51","83.20","81.37","","0.21%"
"08/23/2018","81.50","82.27","82.34","81.14","","-0.98%"
"08/22/2018","82.31","83.37","83.61","82.04","","-1.14%"
"08/21/2018","83.26","82.85","84.05","82.54","","0.65%"
"08/20/2018","82.72","81.42","83.17","81.40","","1.58%"
"08/17/2018","81.43","81.57","81.91","81.10","","-0.42%"
"08/16/2018","81.77","80.80","82.20","80.63","","1.15%"
"08/15/2018","80.84","83.14","83.41","80.69","","-2.67%"
"08/14/2018","83.06","82.72","83.44","82.51","","0.16%"
"08/13/2018","82.93","85.17","85.17","82.02","","-2.68%"
"08/10/2018","85.21","87.24","87.67","85.16","","-2.35%"
"08/09/2018","87.26","87.18","87.38","86.85","","0.08%"
"08/08/2018","87.19","87.92","88.32","87.14","","-0.84%"
"08/07/2018","87.93","88.83","89.17","87.08","","-0.50%"
"08/06/2018","88.37","87.34","88.65","87.28","","0.23%"
"08/03/2018","88.17","88.69","89.10","86.77","","-0.74%"
"08/02/2018","88.83","88.07","88.87","87.71","","0.55%"
"08/01/2018","88.34","89.21","89.97","88.32","","-1.35%"
"07/31/2018","89.55","89.34","89.82","88.96","","0.47%"
"07/30/2018","89.13","88.44","89.76","87.78","","0.93%"
"07/27/2018","88.31","88.13","88.58","87.33","","0.15%"
"07/26/2018","88.18","88.21","88.31","87.06","","0.24%"
"07/25/2018","87.97","86.87","88.59","86.85","","1.49%"
"07/24/2018","86.68","86.66","87.34","86.12","","-0.20%"
"07/23/2018","86.85","86.96","87.18","86.37","","-0.30%"
"07/20/2018","87.11","87.86","87.96","86.21","","-0.55%"
"07/19/2018","87.59","88.19","88.44","87.33","","-0.57%"
"07/18/2018","88.09","88.42","88.79","87.88","","-0.24%"
"07/17/2018","88.30","87.67","88.48","86.83","","0.56%"
"07/16/2018","87.81","88.12","88.28","87.24","","-0.06%"
"07/13/2018","87.86","88.71","88.91","86.72","","-0.77%"
"07/12/2018","88.54","84.61","88.54","84.48","","4.66%"
"07/11/2018","84.60","85.08","85.79","84.36","","-2.07%"
"07/10/2018","86.39","85.49","86.41","85.15","","1.12%"
"07/09/2018","85.43","84.27","85.69","84.26","","1.26%"
"07/06/2018","84.37","81.87","84.73","81.80","","2.78%"
"07/05/2018","82.09","82.40","83.46","81.81","","-0.83%"
"07/03/2018","82.78","83.31","83.65","82.62","","-0.23%"
"07/02/2018","82.97","84.22","85.03","82.86","","-2.82%"
"06/29/2018","85.38","84.94","87.06","84.37","","0.70%"
"06/28/2018","84.79","85.83","85.96","84.52","","-1.22%"
"06/27/2018","85.84","85.75","86.00","85.30","","0.28%"
"06/26/2018","85.60","86.02","86.38","85.48","","-0.58%"
"06/25/2018","86.10","86.38","87.27","85.34","","0.34%"
"06/22/2018","85.81","83.19","85.82","83.12","","3.20%"
"06/21/2018","83.15","83.38","84.17","83.02","","-0.16%"
"06/20/2018","83.28","83.15","85.70","83.11","","-0.06%"
"06/19/2018","83.33","87.57","88.20","83.32","","-4.73%"
"06/18/2018","87.47","90.53","90.55","86.81","","-3.36%"
"06/15/2018","90.51","93.01","93.09","90.50","","-3.04%"
"06/14/2018","93.35","93.64","94.50","92.61","","-0.44%"
"06/13/2018","93.76","95.19","95.66","93.23","","-1.56%"
"06/12/2018","95.25","95.12","95.84","94.69","","0.44%"
"06/11/2018","94.83","95.16","96.49","94.01","","-0.06%"
"06/08/2018","94.89","93.94","95.84","93.60","","0.86%"
"06/07/2018","94.08","91.11","94.92","90.45","","3.43%"
"06/06/2018","90.96","89.85","91.71","89.36","","1.29%"
"06/05/2018","89.80","92.72","92.72","89.75","","-2.55%"
"06/04/2018","92.15","93.34","94.50","92.08","","-1.44%"
"06/01/2018","93.50","93.12","94.49","92.73","","0.44%"
"05/31/2018","93.09","92.44","93.73","91.77","","0.64%"
"05/30/2018","92.50","94.65","96.30","91.22","","-0.76%"
"05/29/2018","93.21","89.62","93.21","89.59","","4.31%"
"05/25/2018","89.36","87.32","89.69","87.15","","2.25%"
"05/24/2018","87.39","87.06","87.85","86.65","","0.52%"
"05/23/2018","86.94","87.36","87.74","86.73","","-0.39%"
"05/22/2018","87.28","88.65","89.87","86.64","","-1.49%"
"05/21/2018","88.60","87.17","88.72","87.16","","2.42%"
"05/18/2018","86.51","85.06","87.59","85.06","","1.85%"
"05/17/2018","84.94","84.46","85.68","84.06","","0.69%"
"05/16/2018","84.36","83.85","85.38","83.64","","0.69%"
"05/15/2018","83.78","83.99","84.35","83.37","","-0.13%"
"05/14/2018","83.89","84.66","84.89","83.50","","-0.70%"
"05/11/2018","84.48","84.75","84.95","83.51","","-0.07%"
"05/10/2018","84.54","86.17","86.17","84.06","","-1.48%"
"05/09/2018","85.81","85.47","86.05","85.21","","0.42%"
"05/08/2018","85.45","86.11","86.88","85.12","","-0.73%"
"05/07/2018","86.08","87.00","88.08","85.92","","-0.98%"
"05/04/2018","86.93","84.55","87.06","84.03","","2.95%"
"05/03/2018","84.44","84.69","85.11","83.84","","-0.39%"
"05/02/2018","84.77","84.55","85.10","84.15","","0.38%"
"05/01/2018","84.45","83.87","84.69","83.62","","0.68%"
"04/30/2018","83.88","84.58","84.73","83.34","","-0.66%"
"04/27/2018","84.44","84.22","84.78","83.99","","0.42%"
"04/26/2018","84.09","83.93","84.94","83.61","","0.24%"
"04/25/2018","83.89","81.75","84.53","81.58","","2.38%"
"04/24/2018","81.94","84.08","84.55","81.51","","-2.85%"
"04/23/2018","84.34","84.87","85.39","84.06","","-1.47%"
"04/20/2018","85.60","82.97","85.63","82.97","","3.27%"
"04/19/2018","82.89","82.62","83.14","82.56","","0.30%"
"04/18/2018","82.64","83.09","83.34","82.50","","-0.51%"
"04/17/2018","83.06","83.30","83.58","82.06","","-0.32%"
"04/16/2018","83.33","83.55","84.03","83.01","","-0.20%"
"04/13/2018","83.50","83.81","84.45","83.06","","-0.41%"
"04/12/2018","83.84","83.79","83.97","83.19","","0.14%"
"04/11/2018","83.72","83.61","84.03","83.32","","0.17%"
"04/10/2018","83.58","82.80","83.58","82.33","","0.88%"
"04/09/2018","82.85","82.77","83.69","82.71","","0.19%"
"04/06/2018","82.69","82.06","83.44","81.84","","0.07%"
"04/05/2018","82.63","79.55","82.64","79.50","","3.85%"
"04/04/2018","79.57","82.06","82.31","78.63","","-3.01%"
"04/03/2018","82.04","81.04","82.80","81.00","","1.25%"
"04/02/2018","81.03","81.71","82.70","80.93","","-0.67%"
"03/29/2018","81.58","80.75","82.19","80.69","","0.97%"
"03/28/2018","80.80","81.93","82.13","80.68","","-1.49%"
"03/27/2018","82.02","81.89","82.74","81.72","","0.32%"
"03/26/2018","81.76","82.00","82.56","81.53","","-0.05%"
"03/23/2018","81.80","82.25","82.38","81.40","","-0.44%"
"03/22/2018","82.16","82.72","83.16","81.78","","-0.65%"
"03/21/2018","82.70","82.75","83.85","82.55","","-0.36%"
"03/20/2018","83.00","81.20","83.35","80.97","","2.13%"
"03/19/2018","81.27","82.92","82.95","81.20","","-1.86%"
"03/16/2018","82.81","83.63","83.69","82.45","","-0.92%"
"03/15/2018","83.58","83.55","83.85","82.68","","0.29%"
"03/14/2018","83.34","83.31","83.87","82.44","","0.35%"
"03/13/2018","83.05","83.14","84.17","82.10","","-0.19%"
"03/12/2018","83.21","84.34","85.02","82.89","","-1.49%"
"03/09/2018","84.47","85.09","85.55","84.25","","-0.57%"
"03/08/2018","84.95","83.09","85.25","83.09","","2.31%"
"03/07/2018","83.03","82.55","83.75","81.81","","0.65%"
"03/06/2018","82.49","84.89","86.59","81.78","","-2.79%"
"03/05/2018","84.86","82.34","85.30","82.26","","3.30%"
"03/02/2018","82.15","81.53","82.22","81.11","","0.53%"
"03/01/2018","81.72","82.78","83.05","80.69","","-1.40%"
"02/28/2018","82.88","82.27","83.05","81.83","","0.61%"
"02/27/2018","82.38","82.12","82.42","81.17","","0.32%"
"02/26/2018","82.12","81.33","82.44","81.05","","0.86%"
"02/23/2018","81.42","79.44","81.42","79.38","","2.40%"
"02/22/2018","79.51","80.23","80.28","79.25","","-0.97%"
"02/21/2018","80.29","78.88","80.52","78.78","","1.54%"
"02/20/2018","79.07","77.03","79.34","77.03","","4.56%"
"02/16/2018","75.62","75.36","75.87","75.14","","0.31%"
"02/15/2018","75.39","75.58","76.28","75.11","","-0.28%"
"02/14/2018","75.60","76.32","76.32","75.42","","-0.75%"
"02/13/2018","76.17","76.43","76.52","75.67","","-0.26%"
"02/12/2018","76.37","76.49","77.47","76.11","","-0.50%"
"02/09/2018","76.75","76.88","77.23","75.75","","-0.29%"
"02/08/2018","76.97","75.95","77.51","75.91","","1.20%"
"02/07/2018","76.06","76.34","76.92","75.83","","-0.33%"
"02/06/2018","76.31","76.60","76.78","75.86","","-0.40%"
"02/05/2018","76.62","77.38","77.89","76.46","","-0.97%"
"02/02/2018","77.37","78.42","78.83","77.25","","-1.20%"
"02/01/2018","78.31","77.20","79.92","77.18","","1.45%"
"01/31/2018","77.19","77.16","78.19","76.53","","0.08%"
"01/30/2018","77.13","78.32","78.93","76.98","","-1.67%"
"01/29/2018","78.44","80.59","80.62","78.16","","-2.60%"
"01/26/2018","80.53","81.90","81.98","80.32","","-1.65%"
"01/25/2018","81.88","82.22","82.83","81.78","","-0.52%"
"01/24/2018","82.31","82.19","82.73","81.62","","0.13%"
"01/23/2018","82.20","83.50","83.66","82.03","","-1.44%"
"01/22/2018","83.40","83.39","83.95","83.00","","-0.04%"
"01/19/2018","83.43","82.49","83.75","82.39","","0.93%"
"01/18/2018","82.66","81.98","83.94","81.84","","0.68%"
"01/17/2018","82.10","81.20","82.22","80.97","","1.01%"
"01/16/2018","81.28","81.73","82.06","80.63","","-0.36%"
"01/12/2018","81.57","82.93","84.65","80.33","","-1.31%"
"01/11/2018","82.65","79.53","82.65","79.43","","3.81%"
"01/10/2018","79.62","78.44","79.92","78.37","","1.58%"
"01/09/2018","78.38","78.10","78.69","78.05","","0.14%"
"01/08/2018","78.27","78.09","78.80","77.94","","0.42%"
"01/05/2018","77.94","79.22","80.05","77.81","","-1.59%"
"01/04/2018","79.20","78.08","79.39","78.06","","1.42%"
"01/03/2018","78.09","77.56","78.29","77.39","","0.48%"
"01/02/2018","77.72","78.66","79.28","77.31","","-0.96%"
"12/29/2017","78.47","78.78","78.91","78.22","","-0.39%"
"12/28/2017","78.78","78.80","79.44","78.60","","-0.23%"
"12/27/2017","78.96","77.72","78.98","77.27","","1.81%"
"12/26/2017","77.56","77.96","78.16","77.18","","-0.44%"
"12/22/2017","77.90","77.36","78.03","77.01","","0.35%"
"12/21/2017","77.63","75.59","78.06","75.44","","2.52%"
"12/20/2017","75.72","74.99","75.95","74.95","","0.91%"
"12/19/2017","75.04","75.34","75.91","74.94","","-0.25%"
"12/18/2017","75.23","75.94","76.43","75.13","","-0.83%"
"12/15/2017","75.86","75.15","76.75","75.06","","0.73%"
"12/14/2017","75.31","74.04","75.55","73.91","","1.55%"
"12/13/2017","74.16","72.94","74.22","72.93","","1.53%"
"12/12/2017","73.04","72.84","74.19","72.78","","0.27%"
"12/11/2017","72.84","73.66","73.83","72.81","","-1.19%"
"12/08/2017","73.72","74.15","74.27","73.62","","-0.62%"
"12/07/2017","74.18","72.77","74.26","72.11","","2.02%"
"12/06/2017","72.71","72.49","73.27","72.46","","0.21%"
"12/05/2017","72.56","72.53","73.15","72.16","","-0.06%"
"12/04/2017","72.60","73.31","73.35","72.51","","-0.85%"
"12/01/2017","73.22","72.80","73.41","72.67","","0.60%"
"11/30/2017","72.78","73.19","73.45","72.29","","-0.86%"
"11/29/2017","73.41","72.08","73.46","71.77","","1.63%"
"11/28/2017","72.23","71.31","72.29","71.03","","1.11%"
"11/27/2017","71.44","71.96","72.39","71.21","","-0.70%"
"11/24/2017","71.94","71.16","72.06","71.07","","1.05%"
"11/22/2017","71.19","70.06","71.75","69.91","","1.60%"
"11/21/2017","70.07","70.66","71.34","69.55","","-1.05%"
"11/20/2017","70.81","69.85","70.92","69.43","","1.33%"
"11/17/2017","69.88","69.23","70.08","69.23","","0.88%"
"11/16/2017","69.27","68.96","69.50","68.81","","0.60%"
"11/15/2017","68.86","68.60","68.91","68.60","","0.32%"
"11/14/2017","68.64","68.93","69.38","68.60","","-0.41%"
"11/13/2017","68.92","69.14","69.68","68.86","","-0.22%"
"11/10/2017","69.07","68.39","69.18","68.37","","1.07%"
"11/09/2017","68.34","68.72","69.47","68.19","","-0.60%"
"11/08/2017","68.75","68.10","69.15","68.07","","0.87%"
"11/07/2017","68.16","68.76","68.89","68.02","","-0.92%"
"11/06/2017","68.79","68.83","69.11","68.25","","0.19%"
"11/03/2017","68.66","69.08","69.37","68.36","","-0.64%"
"11/02/2017","69.10","68.38","69.30","68.12","","1.20%"
"11/01/2017","68.28","68.72","69.05","68.11","","-0.39%"
"10/31/2017","68.55","68.73","68.89","68.12","","-0.20%"
"10/30/2017","68.69","68.06","69.20","67.97","","0.67%"
"10/27/2017","68.23","68.36","68.39","67.81","","0.10%"
"10/26/2017","68.16","69.19","69.27","68.10","","-1.50%"
"10/25/2017","69.20","69.66","69.90","69.13","","-0.53%"
"10/24/2017","69.57","69.50","70.19","69.03","","-0.22%"
"10/23/2017","69.72","66.94","69.78","66.92","","4.31%"
"10/20/2017","66.84","67.33","67.53","66.84","","-0.76%"
"10/19/2017","67.35","67.80","67.86","67.27","","-0.53%"
"10/18/2017","67.71","67.88","68.16","67.55","","-0.13%"
"10/17/2017","67.80","67.63","68.59","67.47","","0.22%"
"10/16/2017","67.65","68.65","68.88","67.53","","-1.50%"
"10/13/2017","68.68","67.75","68.94","67.67","","1.18%"
"10/12/2017","67.88","68.77","69.12","67.66","","-1.22%"
"10/11/2017","68.72","69.28","69.46","68.47","","-0.28%"
"10/10/2017","68.91","69.03","69.88","68.62","","-0.09%"
"10/09/2017","68.97","68.72","69.06","68.06","","0.44%"
"10/06/2017","68.67","68.22","69.19","67.81","","0.64%"
"10/05/2017","68.23","69.12","69.46","68.10","","-1.00%"
"10/04/2017","68.92","67.60","69.97","67.60","","2.03%"
"10/03/2017","67.55","67.57","68.34","67.41","","-0.07%"
"10/02/2017","67.60","68.63","68.80","67.56","","-1.20%"
"09/29/2017","68.42","69.03","69.20","68.33","","-0.83%"
"09/28/2017","68.99","68.72","69.29","68.27","","0.39%"
"09/27/2017","68.72","68.86","69.09","68.19","","-0.16%"
"09/26/2017","68.83","69.52","69.71","68.53","","-0.92%"
"09/25/2017","69.47","68.64","69.53","68.34","","1.37%"
"09/22/2017","68.53","68.16","68.75","67.87","","0.45%"
"09/21/2017","68.22","69.38","69.49","68.19","","-1.57%"
"09/20/2017","69.31","69.64","69.73","69.06","","-0.09%"
"09/19/2017","69.37","69.53","69.87","68.84","","-0.06%"
"09/18/2017","69.41","68.82","69.94","68.82","","0.64%"
"09/15/2017","68.97","69.16","69.19","68.64","","-0.29%"
"09/14/2017","69.17","69.28","69.44","68.44","","-0.19%"
"09/13/2017","69.30","68.98","69.36","68.33","","0.22%"
"09/12/2017","69.15","72.09","72.09","69.14","","-4.25%"
"09/11/2017","72.22","75.33","75.33","72.06","","-3.07%"
"09/08/2017","74.51","74.58","75.75","74.09","","0.27%"
"09/07/2017","74.31","74.41","74.42","73.42","","-0.30%"
"09/06/2017","74.53","75.09","75.63","74.25","","-0.47%"
"09/05/2017","74.88","72.08","74.88","72.07","","4.38%"
"09/01/2017","71.74","71.04","71.95","70.56","","1.04%"
"08/31/2017","71.00","70.77","71.00","70.28","","0.24%"
"08/30/2017","70.83","70.00","70.94","69.84","","1.29%"
"08/29/2017","69.93","69.87","70.46","69.36","","0.14%"
"08/28/2017","69.83","68.62","69.94","68.56","","2.53%"
"08/25/2017","68.11","69.83","70.00","67.66","","-2.44%"
"08/24/2017","69.81","68.98","69.88","68.56","","1.32%"
"08/23/2017","68.90","67.94","69.45","67.93","","1.47%"
"08/22/2017","67.90","67.45","67.94","67.35","","0.73%"
"08/21/2017","67.41","67.31","67.80","67.22","","0.33%"
"08/18/2017","67.19","66.93","67.50","66.69","","0.49%"
"08/17/2017","66.86","66.97","67.07","66.65","","0.01%"
"08/16/2017","66.85","67.22","67.40","66.77","","-0.52%"
"08/15/2017","67.20","67.82","67.89","67.09","","-0.81%"
"08/14/2017","67.75","68.45","68.55","67.58","","-0.65%"
"08/11/2017","68.19","68.06","69.15","67.76","","-1.00%"
"08/10/2017","68.88","71.10","71.17","68.88","","-3.20%"
"08/09/2017","71.16","71.18","71.20","70.41","","0.00%"
"08/08/2017","71.16","70.55","71.19","70.32","","0.91%"
"08/07/2017","70.52","70.72","70.94","70.45","","-0.09%"
"08/04/2017","70.58","70.28","70.81","70.23","","0.60%"
"08/03/2017","70.16","70.28","70.58","70.00","","-0.13%"
"08/02/2017","70.25","69.41","70.39","69.23","","1.36%"
"08/01/2017","69.31","68.88","69.38","68.33","","0.55%"
"07/31/2017","68.93","68.69","69.65","68.51","","0.22%"
"07/28/2017","68.78","68.89","69.25","68.31","","-0.04%"
"07/27/2017","68.81","68.56","69.69","68.03","","0.58%"
"07/26/2017","68.41","68.90","68.90","67.78","","-0.62%"
"07/25/2017","68.84","68.46","68.97","68.44","","0.82%"
"07/24/2017","68.28","68.14","68.65","67.86","","-0.03%"
"07/21/2017","68.30","68.96","69.18","67.52","","-0.97%"
"07/20/2017","68.97","68.14","69.25","68.13","","1.26%"
"07/19/2017","68.11","68.28","68.47","67.75","","0.01%"
"07/18/2017","68.10","67.90","68.41","66.79","","0.56%"
"07/17/2017","67.72","66.66","68.06","66.60","","1.71%"
"07/14/2017","66.58","66.44","66.86","66.30","","0.30%"
"07/13/2017","66.38","67.16","67.58","66.32","","-1.15%"
"07/12/2017","67.15","67.73","67.94","66.97","","-0.65%"
"07/11/2017","67.59","67.18","67.79","66.78","","0.45%"
"07/10/2017","67.29","68.62","68.72","67.28","","-1.67%"
"07/07/2017","68.43","68.12","68.91","67.97","","0.38%"
"07/06/2017","68.17","67.69","68.44","67.22","","0.90%"
"07/05/2017","67.56","67.75","67.75","66.56","","-0.46%"
"07/03/2017","67.87","68.48","68.63","67.22","","-1.14%"
"06/30/2017","68.65","67.18","68.66","66.88","","2.14%"
"06/29/2017","67.21","67.66","67.75","67.05","","-0.61%"
"06/28/2017","67.62","67.75","67.90","66.86","","0.13%"
"06/27/2017","67.53","67.47","68.11","67.11","","0.07%"
"06/26/2017","67.48","67.26","67.72","66.16","","-7.55%"
"06/23/2017","72.99","71.15","73.11","71.04","","2.67%"
"06/22/2017","71.09","70.96","71.41","70.69","","0.11%"
"06/21/2017","71.01","71.34","71.95","70.77","","-0.38%"
"06/20/2017","71.28","71.69","71.70","70.81","","-0.07%"
"06/19/2017","71.33","71.93","73.38","71.16","","-0.81%"
"06/16/2017","71.91","72.02","72.53","70.91","","-0.12%"
"06/15/2017","72.00","73.44","73.46","71.28","","-2.04%"
"06/14/2017","73.50","74.50","74.82","73.42","","-1.34%"
"06/13/2017","74.50","75.09","75.13","74.31","","-0.83%"
"06/12/2017","75.12","75.73","75.75","75.09","","-0.71%"
"06/09/2017","75.66","76.47","76.50","75.56","","-1.03%"
"06/08/2017","76.45","75.85","76.72","75.62","","0.80%"
"06/07/2017","75.84","76.08","76.73","75.66","","-0.33%"
"06/06/2017","76.09","76.35","76.66","75.91","","-0.42%"
"06/05/2017","76.41","76.78","77.02","76.28","","-0.37%"
"06/02/2017","76.69","77.60","77.77","76.58","","-1.13%"
"06/01/2017","77.57","76.93","77.80","76.81","","0.83%"
"05/31/2017","76.93","77.21","77.31","76.72","","-0.52%"
"05/30/2017","77.33","77.12","77.66","76.92","","0.21%"
"05/26/2017","77.17","77.25","77.59","77.02","","-0.10%"
"05/25/2017","77.25","77.44","78.12","77.10","","-0.26%"
"05/24/2017","77.45","77.26","78.72","77.10","","0.30%"
"05/23/2017","77.22","78.42","78.43","77.11","","-1.56%"
"05/22/2017","78.44","79.33","79.33","78.31","","-1.26%"
"05/19/2017","79.44","79.30","79.50","78.43","","0.24%"
"05/18/2017","79.25","80.53","80.65","78.86","","-1.31%"
"05/17/2017","80.30","81.21","83.03","79.66","","-1.45%"
"05/16/2017","81.48","85.06","85.18","81.32","","-4.78%"
"05/15/2017","85.57","83.98","87.18","82.57","","4.19%"
"05/12/2017","82.13","79.20","82.13","79.20","","3.76%"
"05/11/2017","79.15","76.37","79.21","76.19","","3.60%"
"05/10/2017","76.40","77.55","77.56","76.37","","-1.32%"
"05/09/2017","77.42","77.16","77.82","77.12","","0.19%"
"05/08/2017","77.27","77.75","77.75","77.06","","-0.69%"
"05/05/2017","77.81","79.00","79.02","77.72","","-1.44%"
"05/04/2017","78.95","78.94","79.33","78.69","","0.18%"
"05/03/2017","78.81","79.40","79.43","78.64","","-0.44%"
"05/02/2017","79.16","78.97","79.16","78.39","","0.27%"
"05/01/2017","78.95","78.78","79.20","78.52","","0.23%"
"04/28/2017","78.77","77.92","78.97","77.66","","1.05%"
"04/27/2017","77.95","79.22","79.35","77.86","","-1.49%"
"04/26/2017","79.13","79.42","79.75","78.74","","-0.31%"
"04/25/2017","79.38","78.81","79.41","77.98","","0.76%"
"04/24/2017","78.78","79.39","79.63","77.80","","-0.89%"
"04/21/2017","79.49","79.97","80.25","78.44","","-0.93%"
"04/20/2017","80.24","77.80","80.42","77.69","","3.24%"
"04/19/2017","77.72","76.96","77.75","76.58","","1.05%"
"04/18/2017","76.91","77.25","77.43","76.28","","-0.30%"
"04/17/2017","77.14","75.66","77.17","75.56","","1.92%"
"04/13/2017","75.69","74.76","75.69","74.67","","1.30%"
"04/12/2017","74.72","74.96","75.16","74.59","","-0.27%"
"04/11/2017","74.92","75.11","75.66","74.41","","-0.39%"
"04/10/2017","75.21","73.48","75.28","73.42","","2.33%"
"04/07/2017","73.50","74.53","74.59","73.39","","-1.45%"
"04/06/2017","74.58","74.87","75.06","74.50","","-0.39%"
"04/05/2017","74.87","74.73","75.19","74.72","","0.08%"
"04/04/2017","74.81","75.44","75.70","74.58","","-0.91%"
"04/03/2017","75.50","77.33","78.07","75.45","","-2.37%"
"03/31/2017","77.33","76.25","77.40","75.81","","1.46%"
"03/30/2017","76.22","76.17","76.55","76.11","","0.13%"
"03/29/2017","76.12","76.97","77.08","76.11","","-1.05%"
"03/28/2017","76.93","76.98","77.48","76.71","","-0.09%"
"03/27/2017","77.00","77.50","77.72","76.91","","-0.61%"
"03/24/2017","77.47","77.25","78.15","77.20","","0.13%"
"03/23/2017","77.37","77.52","77.95","77.23","","-0.01%"
"03/22/2017","77.38","76.77","78.16","76.69","","0.74%"
"03/21/2017","76.81","77.33","77.46","76.70","","-0.74%"
"03/20/2017","77.38","78.36","78.72","77.31","","-1.28%"
"03/17/2017","78.38","78.02","78.59","77.91","","0.37%"
"03/16/2017","78.09","78.16","78.89","78.04","","-0.06%"
"03/15/2017","78.14","77.41","78.24","77.25","","1.27%"
"03/14/2017","77.16","76.95","77.32","76.81","","0.42%"
"03/13/2017","76.84","77.19","77.58","76.83","","-0.60%"
"03/10/2017","77.30","77.87","77.88","77.16","","-0.69%"
"03/09/2017","77.84","78.17","78.57","77.12","","-0.40%"
"03/08/2017","78.15","77.98","78.29","77.63","","0.17%"
"03/07/2017","78.02","79.16","79.36","77.68","","-1.49%"
"03/06/2017","79.20","78.20","79.46","78.14","","1.62%"
"03/03/2017","77.94","76.77","78.12","76.69","","1.43%"
"03/02/2017","76.84","77.72","79.17","76.36","","-1.37%"
"03/01/2017","77.91","76.41","77.98","76.18","","2.10%"
"02/28/2017","76.31","76.33","76.87","76.12","","0.25%"
"02/27/2017","76.12","76.66","77.14","76.05","","-0.61%"
"02/24/2017","76.59","76.17","77.14","76.17","","0.60%"
"02/23/2017","76.13","75.55","76.64","75.47","","0.87%"
"02/22/2017","75.47","75.75","76.18","75.45","","-0.28%"
"02/21/2017","75.68","75.75","75.92","75.43","","3.09%"
"02/17/2017","73.41","75.10","75.13","73.03","","-2.16%"
"02/16/2017","75.03","75.76","75.84","75.02","","-0.94%"
"02/15/2017","75.74","76.34","76.56","75.63","","-0.89%"
"02/14/2017","76.42","76.64","76.72","75.92","","-0.37%"
"02/13/2017","76.70","76.00","76.94","75.88","","1.13%"
"02/10/2017","75.84","75.69","76.22","75.57","","0.24%"
"02/09/2017","75.66","75.33","76.15","75.29","","0.57%"
"02/08/2017","75.23","75.18","75.72","75.09","","0.17%"
"02/07/2017","75.10","75.69","76.08","75.06","","-0.74%"
"02/06/2017","75.66","76.48","76.50","75.58","","-0.89%"
"02/03/2017","76.34","76.81","77.15","76.22","","-0.65%"
"02/02/2017","76.84","76.36","77.38","75.75","","0.59%"
"02/01/2017","76.39","75.01","76.54","74.90","","1.89%"
"01/31/2017","74.97","74.24","75.13","74.14","","1.17%"
"01/30/2017","74.10","74.83","75.28","74.07","","-1.07%"
"01/27/2017","74.90","74.25","74.95","74.22","","0.88%"
"01/26/2017","74.25","73.97","74.92","73.69","","0.50%"
"01/25/2017","73.88","73.36","74.17","73.14","","0.52%"
"01/24/2017","73.50","74.69","75.00","72.55","","-1.67%"
"01/23/2017","74.75","72.98","74.94","72.98","","2.40%"
"01/20/2017","73.00","72.83","73.42","72.75","","0.30%"
"01/19/2017","72.78","72.34","73.28","72.30","","0.71%"
"01/18/2017","72.27","72.19","72.55","72.03","","0.18%"
"01/17/2017","72.14","72.32","72.88","71.84","","-0.15%"
"01/13/2017","72.25","72.30","72.75","72.07","","-0.19%"
"01/12/2017","72.39","73.21","73.78","72.27","","-1.07%"
"01/11/2017","73.17","73.12","73.79","73.00","","0.12%"
"01/10/2017","73.08","73.05","73.69","72.84","","0.10%"
"01/09/2017","73.01","74.08","74.19","72.82","","-1.26%"
"01/06/2017","73.94","74.08","74.09","72.94","","0.18%"
"01/05/2017","73.81","74.07","75.28","73.62","","0.46%"
"01/04/2017","73.47","71.75","73.47","71.58","","2.40%"
"01/03/2017","71.75","71.28","71.85","71.13","","1.50%"
"12/30/2016","70.69","70.77","71.95","70.47","","0.24%"
"12/29/2016","70.52","69.75","71.12","69.67","","0.99%"
"12/28/2016","69.83","69.83","70.00","69.61","","-0.01%"
"12/27/2016","69.84","69.81","70.23","69.53","","-0.06%"
"12/23/2016","69.88","70.14","70.54","69.86","","-0.34%"
"12/22/2016","70.12","70.12","70.77","69.80","","-0.20%"
"12/21/2016","70.26","69.41","70.92","69.35","","1.33%"
"12/20/2016","69.34","69.56","69.81","69.34","","-0.32%"
"12/19/2016","69.56","70.94","71.00","69.55","","-1.97%"
"12/16/2016","70.96","71.69","71.69","70.91","","-0.88%"
"12/15/2016","71.59","71.37","71.77","71.14","","0.10%"
"12/14/2016","71.52","72.03","72.30","71.34","","-0.67%"
"12/13/2016","72.00","71.61","72.42","71.21","","0.35%"
"12/12/2016","71.75","70.74","71.78","70.67","","1.46%"
"12/09/2016","70.72","71.28","71.81","70.35","","-1.06%"
"12/08/2016","71.48","71.11","71.94","70.91","","0.41%"
"12/07/2016","71.19","71.26","71.47","70.46","","-0.31%"
"12/06/2016","71.41","70.96","71.68","70.87","","0.51%"
"12/05/2016","71.05","71.14","71.75","70.81","","0.00%"
"12/02/2016","71.05","70.62","71.84","70.06","","0.32%"
"12/01/2016","70.82","71.63","72.13","70.76","","-1.09%"
"11/30/2016","71.60","71.34","71.70","70.65","","0.53%"
"11/29/2016","71.22","72.08","72.09","70.88","","-1.22%"
"11/28/2016","72.10","71.22","72.30","70.83","","1.28%"
"11/25/2016","71.19","71.09","71.47","70.43","","-0.78%"
"11/23/2016","71.75","72.28","72.31","70.66","","-0.61%"
"11/22/2016","72.19","72.38","72.50","71.39","","-0.21%"
"11/21/2016","72.34","72.36","72.70","71.95","","-1.23%"
"11/18/2016","73.24","73.39","73.62","72.66","","-0.30%"
"11/17/2016","73.46","72.19","73.48","71.01","","2.23%"
"11/16/2016","71.86","70.59","71.87","70.41","","1.57%"
"11/15/2016","70.75","69.62","71.33","69.12","","2.58%"
"11/14/2016","68.97","68.90","69.00","68.00","","0.50%"
"11/11/2016","68.63","69.39","71.41","68.34","","-0.92%"
"11/10/2016","69.27","68.22","69.75","68.17","","1.42%"
"11/09/2016","68.30","68.78","69.17","67.88","","-0.70%"
"11/08/2016","68.78","68.57","70.10","68.22","","0.45%"
"11/07/2016","68.47","68.16","69.47","68.16","","-0.04%"
"11/04/2016","68.50","67.93","69.03","67.72","","0.45%"
"11/03/2016","68.19","68.48","69.19","67.84","","-0.60%"
"11/02/2016","68.60","68.23","68.75","68.09","","0.56%"
"11/01/2016","68.22","68.81","68.91","68.10","","-0.94%"
"10/31/2016","68.87","70.70","70.84","68.77","","-2.82%"
"10/28/2016","70.87","69.63","71.09","69.28","","1.61%"
"10/27/2016","69.75","69.10","70.00","68.80","","0.56%"
"10/26/2016","69.36","68.33","69.88","68.23","","1.26%"
"10/25/2016","68.50","68.94","69.13","68.10","","-0.61%"
"10/24/2016","68.92","68.98","69.16","68.55","","-0.23%"
"10/21/2016","69.08","69.87","69.91","68.63","","-1.07%"
"10/20/2016","69.83","71.14","71.78","68.97","","-1.77%"
"10/19/2016","71.09","71.19","71.28","70.23","","0.13%"
"10/18/2016","71.00","71.24","71.70","70.69","","-0.32%"
"10/17/2016","71.23","70.44","71.23","69.88","","0.86%"
"10/14/2016","70.62","69.53","70.73","69.33","","1.85%"
"10/13/2016","69.34","68.78","70.05","68.41","","0.54%"
"10/12/2016","68.97","67.21","69.72","66.77","","2.68%"
"10/11/2016","67.17","67.65","68.03","67.03","","-0.28%"
"10/10/2016","67.36","67.38","68.46","67.11","","0.58%"
"10/07/2016","66.97","67.81","68.06","66.94","","-0.83%"
"10/06/2016","67.53","67.66","68.00","66.86","","-0.28%"
"10/05/2016","67.72","69.71","69.98","67.55","","-2.78%"
"10/04/2016","69.66","68.53","69.75","68.50","","1.78%"
"10/03/2016","68.44","68.06","68.66","67.21","","0.56%"
"09/30/2016","68.06","67.53","68.38","67.13","","0.55%"
"09/29/2016","67.69","68.68","69.03","67.29","","-1.48%"
"09/28/2016","68.71","69.80","69.91","68.29","","-1.45%"
"09/27/2016","69.72","70.04","70.76","69.38","","-0.41%"
"09/26/2016","70.01","70.69","71.00","69.72","","-0.17%"
"09/23/2016","70.13","71.80","71.80","69.67","","-2.16%"
"09/22/2016","71.68","71.48","72.37","71.22","","0.27%"
"09/21/2016","71.49","70.66","72.06","70.29","","1.13%"
"09/20/2016","70.69","68.28","70.69","67.94","","3.39%"
"09/19/2016","68.37","67.55","68.98","67.19","","1.50%"
"09/16/2016","67.36","67.86","68.11","67.05","","-0.69%"
"09/15/2016","67.83","67.74","67.95","66.85","","0.21%"
"09/14/2016","67.69","67.07","67.75","66.57","","0.89%"
"09/13/2016","67.09","66.79","67.82","66.45","","0.49%"
"09/12/2016","66.76","69.03","69.09","66.53","","-3.39%"
"09/09/2016","69.10","69.38","69.38","68.27","","-0.17%"
"09/08/2016","69.22","69.37","69.53","68.94","","-0.26%"
"09/07/2016","69.40","69.14","69.58","68.62","","0.29%"
"09/06/2016","69.20","67.84","69.38","67.66","","1.97%"
"09/02/2016","67.86","68.10","68.22","67.27","","-0.47%"
"09/01/2016","68.18","65.48","68.28","65.47","","3.95%"
"08/31/2016","65.59","66.40","66.55","65.42","","-1.18%"
"08/30/2016","66.37","66.81","66.92","65.49","","-0.96%"
"08/29/2016","67.01","68.15","68.16","66.63","","-1.50%"
"08/26/2016","68.03","68.04","68.72","67.66","","-0.09%"
"08/25/2016","68.09","67.94","68.38","67.08","","0.34%"
"08/24/2016","67.86","68.67","68.84","67.56","","-0.96%"
"08/23/2016","68.52","68.39","69.10","68.39","","0.28%"
"08/22/2016","68.33","68.11","68.89","67.64","","0.40%"
"08/19/2016","68.06","69.09","69.54","67.69","","-1.63%"
"08/18/2016","69.19","68.96","70.11","68.84","","0.39%"
"08/17/2016","68.92","68.80","69.47","68.55","","0.16%"
"08/16/2016","68.81","68.72","68.98","66.91","","0.00%"
"08/15/2016","68.81","70.97","71.53","68.80","","-3.00%"
"08/12/2016","70.94","72.22","72.69","70.22","","-1.50%"
"08/11/2016","72.02","71.53","72.45","71.25","","0.71%"
"08/10/2016","71.51","71.48","72.80","71.44","","-2.12%"
"08/09/2016","73.06","76.03","76.06","73.06","","-3.87%"
"08/08/2016","76.00","76.89","77.09","75.60","","-1.02%"
"08/05/2016","76.78","75.86","77.97","75.84","","1.29%"
"08/04/2016","75.80","74.37","76.18","73.81","","2.06%"
"08/03/2016","74.27","74.02","74.34","73.24","","0.47%"
"08/02/2016","73.92","74.37","74.55","73.18","","-0.44%"
"08/01/2016","74.25","74.03","74.86","73.48","","0.31%"
"07/29/2016","74.02","72.83","74.09","71.69","","1.44%"
"07/28/2016","72.97","73.93","74.09","71.65","","-1.02%"
"07/27/2016","73.72","73.97","74.57","73.34","","-0.51%"
"07/26/2016","74.10","72.37","74.22","72.19","","2.53%"
"07/25/2016","72.27","72.44","72.63","71.59","","-0.78%"
"07/22/2016","72.84","73.15","73.47","71.90","","-0.38%"
"07/21/2016","73.12","72.48","73.71","71.86","","0.91%"
"07/20/2016","72.46","73.37","73.37","71.78","","-1.24%"
"07/19/2016","73.37","74.09","74.41","72.64","","-0.85%"
"07/18/2016","74.00","74.13","74.94","73.63","","-0.48%"
"07/15/2016","74.36","73.78","75.00","73.37","","0.65%"
"07/14/2016","73.88","72.59","74.66","72.41","","0.90%"
"07/13/2016","73.22","71.09","74.78","71.06","","3.49%"
"07/12/2016","70.75","67.85","70.78","67.38","","4.44%"
"07/11/2016","67.74","65.92","67.85","65.91","","2.96%"
"07/08/2016","65.79","64.92","66.75","64.52","","1.29%"
"07/07/2016","64.95","65.49","65.63","64.48","","-0.89%"
"07/06/2016","65.53","65.56","65.58","64.56","","0.14%"
"07/05/2016","65.44","66.12","66.12","64.27","","0.62%"
"07/01/2016","65.04","64.50","65.09","64.36","","1.04%"
"06/30/2016","64.37","66.03","66.41","64.16","","-2.43%"
"06/29/2016","65.97","65.88","66.30","65.59","","0.09%"
"06/28/2016","65.91","64.66","65.95","64.19","","2.31%"
"06/27/2016","64.42","64.38","65.40","64.35","","-0.19%"
"06/24/2016","64.54","65.32","65.48","63.84","","-1.42%"
"06/23/2016","65.47","64.57","66.13","64.47","","1.32%"
"06/22/2016","64.62","64.46","65.18","64.12","","0.26%"
"06/21/2016","64.45","66.22","66.44","63.97","","-2.50%"
"06/20/2016","66.10","66.14","66.61","65.40","","2.48%"
"06/17/2016","64.50","63.13","65.12","63.13","","1.88%"
"06/16/2016","63.31","62.62","63.75","62.33","","0.99%"
"06/15/2016","62.69","63.29","63.48","62.53","","-0.93%"
"06/14/2016","63.28","63.62","63.65","62.59","","-0.86%"
"06/13/2016","63.83","65.71","66.25","63.73","","-1.47%"
"06/10/2016","64.78","65.08","65.52","64.52","","-0.46%"
"06/09/2016","65.08","65.58","65.65","64.48","","-0.73%"
"06/08/2016","65.56","65.93","66.50","65.51","","-0.62%"
"06/07/2016","65.97","65.59","66.16","65.22","","0.90%"
"06/06/2016","65.38","63.88","65.88","63.88","","2.41%"
"06/03/2016","63.84","63.28","64.09","63.08","","1.08%"
"06/02/2016","63.16","63.23","63.67","62.83","","-0.09%"
"06/01/2016","63.22","63.94","64.01","62.94","","-1.08%"
"05/31/2016","63.91","64.44","64.44","62.92","","-0.67%"
"05/27/2016","64.34","64.29","64.59","63.59","","0.02%"
"05/26/2016","64.33","62.91","64.55","62.85","","2.31%"
"05/25/2016","62.88","63.03","63.42","62.38","","-0.51%"
"05/24/2016","63.20","61.39","63.20","61.16","","2.73%"
"05/23/2016","61.52","61.72","61.75","61.11","","-0.37%"
"05/20/2016","61.75","61.16","62.05","61.16","","0.95%"
"05/19/2016","61.17","62.14","62.14","60.61","","-1.61%"
"05/18/2016","62.17","62.30","62.80","61.44","","-0.35%"
"05/17/2016","62.39","61.03","62.50","61.03","","2.28%"
"05/16/2016","61.00","60.64","61.52","60.64","","0.23%"
"05/13/2016","60.86","60.84","61.05","60.27","","0.21%"
"05/12/2016","60.73","60.72","61.36","60.56","","0.07%"
"05/11/2016","60.69","61.11","61.73","60.56","","-0.54%"
"05/10/2016","61.02","61.51","61.96","60.61","","-0.59%"
"05/09/2016","61.38","61.83","62.03","61.19","","-0.90%"
"05/06/2016","61.94","62.08","62.20","61.67","","-0.19%"
"05/05/2016","62.06","62.93","63.54","61.67","","-1.43%"
"05/04/2016","62.96","62.95","63.19","62.33","","-0.10%"
"05/03/2016","63.02","64.39","64.64","62.18","","-2.08%"
"05/02/2016","64.36","63.81","64.49","63.39","","0.74%"
"04/29/2016","63.89","63.69","64.16","63.17","","0.31%"
"04/28/2016","63.69","64.15","64.18","63.30","","-0.78%"
"04/27/2016","64.19","63.96","64.27","63.42","","0.52%"
"04/26/2016","63.86","64.08","64.75","63.53","","-0.16%"
"04/25/2016","63.96","63.69","64.34","63.11","","-0.42%"
"04/22/2016","64.23","63.52","64.38","62.25","","1.12%"
"04/21/2016","63.52","63.88","64.31","62.75","","-0.66%"
"04/20/2016","63.94","62.88","64.41","61.85","","1.75%"
"04/19/2016","62.84","62.17","63.12","61.55","","1.09%"
"04/18/2016","62.16","59.79","62.17","59.67","","3.53%"
"04/15/2016","60.04","60.17","60.48","59.17","","-1.02%"
"04/14/2016","60.66","61.68","61.92","59.94","","-1.62%"
"04/13/2016","61.66","61.58","62.37","61.33","","0.36%"
"04/12/2016","61.44","60.67","61.84","60.20","","1.24%"
"04/11/2016","60.69","60.37","60.82","60.30","","1.07%"
"04/08/2016","60.05","59.18","60.57","59.08","","1.88%"
"04/07/2016","58.94","58.73","59.36","58.59","","0.41%"
"04/06/2016","58.70","58.93","59.28","58.70","","-0.37%"
"04/05/2016","58.92","59.07","59.17","58.55","","-0.03%"
"04/04/2016","58.94","59.27","59.47","58.73","","-0.44%"
"04/01/2016","59.20","58.30","59.39","58.16","","1.42%"
"03/31/2016","58.37","57.55","58.59","57.04","","1.37%"
"03/30/2016","57.58","57.31","57.91","57.31","","0.42%"
"03/29/2016","57.34","57.80","57.83","57.23","","-0.66%"
"03/28/2016","57.72","57.48","57.99","57.21","","0.05%"
"03/24/2016","57.69","58.27","58.31","57.36","","-1.15%"
"03/23/2016","58.36","58.45","58.58","57.97","","-0.10%"
"03/22/2016","58.42","58.04","58.42","57.63","","0.50%"
"03/21/2016","58.13","57.15","58.57","57.06","","1.79%"
"03/18/2016","57.11","58.39","58.55","56.83","","-2.11%"
"03/17/2016","58.34","58.35","58.89","58.25","","0.07%"
"03/16/2016","58.30","58.09","58.51","57.55","","0.28%"
"03/15/2016","58.14","58.27","58.49","58.01","","-0.14%"
"03/14/2016","58.22","57.17","58.37","57.17","","1.85%"
"03/11/2016","57.16","56.62","57.45","56.56","","0.51%"
"03/10/2016","56.87","56.62","56.99","55.67","","0.44%"
"03/09/2016","56.62","56.88","56.90","56.02","","-0.58%"
"03/08/2016","56.95","57.29","57.29","56.54","","-0.71%"
"03/07/2016","57.36","57.28","57.90","57.20","","0.42%"
"03/04/2016","57.12","56.41","57.20","56.24","","1.26%"
"03/03/2016","56.41","55.94","56.64","55.83","","0.53%"
"03/02/2016","56.11","56.37","56.73","55.66","","-0.11%"
"03/01/2016","56.17","56.58","57.73","56.07","","-0.67%"
"02/29/2016","56.55","57.56","57.61","54.54","","-1.58%"
"02/26/2016","57.46","57.66","57.88","57.27","","-0.54%"
"02/25/2016","57.77","57.45","58.12","57.30","","0.63%"
"02/24/2016","57.41","58.02","58.02","57.28","","-0.93%"
"02/23/2016","57.95","58.88","58.95","57.86","","-1.51%"
"02/22/2016","58.84","59.47","60.16","58.62","","-2.15%"
"02/19/2016","60.13","59.93","60.38","59.80","","0.40%"
"02/18/2016","59.89","59.77","60.83","59.71","","0.28%"
"02/17/2016","59.72","59.72","60.31","59.56","","0.36%"
"02/16/2016","59.51","59.04","60.44","58.97","","1.28%"
"02/12/2016","58.76","58.31","59.15","58.13","","0.94%"
"02/11/2016","58.22","58.90","59.03","57.87","","-1.14%"
"02/10/2016","58.88","58.76","58.94","58.36","","0.61%"
"02/09/2016","58.53","59.57","59.72","58.26","","-1.96%"
"02/08/2016","59.70","59.96","60.12","58.76","","-0.47%"
"02/05/2016","59.98","60.28","60.58","59.84","","-0.52%"
"02/04/2016","60.29","61.81","61.83","59.99","","-2.49%"
"02/03/2016","61.83","62.17","62.58","61.78","","-0.49%"
"02/02/2016","62.14","61.65","62.50","61.49","","0.84%"
"02/01/2016","61.63","61.02","61.99","60.90","","1.05%"
"01/29/2016","60.99","61.34","61.90","60.77","","-0.59%"
"01/28/2016","61.35","60.86","61.52","60.69","","0.76%"
"01/27/2016","60.88","61.36","61.44","60.71","","-0.64%"
"01/26/2016","61.27","61.51","61.73","60.97","","-0.33%"
"01/25/2016","61.47","62.40","62.49","61.47","","-1.39%"
"01/22/2016","62.34","62.14","62.74","62.08","","0.31%"
"01/21/2016","62.15","61.97","62.45","61.77","","0.49%"
"01/20/2016","61.85","62.45","62.45","61.54","","-0.95%"
"01/19/2016","62.44","61.43","62.93","61.37","","1.76%"
"01/17/2016","61.37","61.37","61.37","61.37","","0.00%"
"01/15/2016","61.37","61.94","62.02","61.35","","-0.96%"
"01/14/2016","61.96","62.03","62.46","61.76","","-0.11%"
"01/13/2016","62.03","61.55","62.42","61.51","","0.69%"
"01/12/2016","61.60","61.49","62.27","61.46","","0.28%"
"01/11/2016","61.43","61.42","62.28","61.17","","-0.09%"
"01/08/2016","61.49","61.51","61.89","61.32","","0.20%"
"01/07/2016","61.36","61.91","62.19","61.22","","-1.25%"
"01/06/2016","62.13","62.63","62.68","61.87","","-0.89%"
"01/05/2016","62.69","62.60","62.87","62.52","","0.17%"
"01/04/2016","62.59","63.12","63.26","62.52","","-1.15%"